[html.xpressbuddy.com/kinter/index.html]
[backblue.gif]
[fade.gif]
[index.html]
[html.xpressbuddy.com/kinter/assets/img/favicon.png]
[html.xpressbuddy.com/kinter/assets/css/bootstrap.min.css]
[html.xpressbuddy.com/kinter/assets/css/fontawesome.css]
[html.xpressbuddy.com/kinter/assets/css/animate.min.css]
[html.xpressbuddy.com/kinter/assets/css/owl.carousel.min.css]
[html.xpressbuddy.com/kinter/assets/css/magnific-popup.css]
[html.xpressbuddy.com/kinter/assets/css/swiper.min.css]
[html.xpressbuddy.com/kinter/assets/css/meanmenu.css]
[html.xpressbuddy.com/kinter/assets/css/jquery-ui.css]
[html.xpressbuddy.com/kinter/assets/css/uikit.min.css]
[html.xpressbuddy.com/kinter/assets/css/odometer.css]
[html.xpressbuddy.com/kinter/assets/css/common.css]
[html.xpressbuddy.com/kinter/assets/css/style.css]
[html.xpressbuddy.com/kinter/assets/css/responsive.css]
[html.xpressbuddy.com/kinter/assets/img/logo/logo.png]
[html.xpressbuddy.com/kinter/about.html]
[html.xpressbuddy.com/kinter/teachers.html]
[html.xpressbuddy.com/kinter/teacher-single.html]
[html.xpressbuddy.com/kinter/classes.html]
[html.xpressbuddy.com/kinter/class-single.html]
[html.xpressbuddy.com/kinter/shop.html]
[html.xpressbuddy.com/kinter/shop-single.html]
[html.xpressbuddy.com/kinter/cart.html]
[html.xpressbuddy.com/kinter/checkout.html]
[html.xpressbuddy.com/kinter/blog.html]
[html.xpressbuddy.com/kinter/blog-details.html]
[html.xpressbuddy.com/kinter/contact.html]
[html.xpressbuddy.com/kinter/assets/img/slider/slide-01.jpg]
[html.xpressbuddy.com/kinter/assets/img/slider/slide-02.jpg]
[html.xpressbuddy.com/kinter/assets/img/slider/slide-03.jpg]
[html.xpressbuddy.com/kinter/assets/img/icon/f-icon-1.png]
[html.xpressbuddy.com/kinter/assets/img/icon/f-icon-2.png]
[html.xpressbuddy.com/kinter/assets/img/icon/f-icon-3.png]
[html.xpressbuddy.com/kinter/assets/img/icon/f-icon-4.png]
[html.xpressbuddy.com/kinter/assets/img/about/about.png]
[html.xpressbuddy.com/kinter/assets/img/class/class-1.jpg]
[html.xpressbuddy.com/kinter/assets/img/class/class-2.jpg]
[html.xpressbuddy.com/kinter/assets/img/class/class-3.jpg]
[html.xpressbuddy.com/kinter/assets/img/icon/c-icon1.png]
[html.xpressbuddy.com/kinter/assets/img/icon/c-icon2.png]
[html.xpressbuddy.com/kinter/assets/img/icon/c-icon3.png]
[html.xpressbuddy.com/kinter/assets/img/icon/c-icon4.png]
[html.xpressbuddy.com/kinter/assets/img/portfolio/port01.jpg]
[html.xpressbuddy.com/kinter/assets/img/portfolio/port02.jpg]
[html.xpressbuddy.com/kinter/assets/img/portfolio/port03.jpg]
[html.xpressbuddy.com/kinter/assets/img/portfolio/port04.jpg]
[html.xpressbuddy.com/kinter/assets/img/portfolio/port05.jpg]
[html.xpressbuddy.com/kinter/assets/img/portfolio/port06.jpg]
[html.xpressbuddy.com/kinter/assets/img/blog/blog-01.jpg]
[html.xpressbuddy.com/kinter/assets/img/blog/blog-02.jpg]
[html.xpressbuddy.com/kinter/assets/img/blog/blog-03.jpg]
[html.xpressbuddy.com/kinter/assets/img/brand/brand-01.jpg]
[html.xpressbuddy.com/kinter/assets/img/brand/brand-02.jpg]
[html.xpressbuddy.com/kinter/assets/img/brand/brand-03.jpg]
[html.xpressbuddy.com/kinter/assets/img/brand/brand-04.jpg]
[html.xpressbuddy.com/kinter/assets/img/brand/brand-05.jpg]
[html.xpressbuddy.com/kinter/assets/img/bg/footer-bg.jpg]
[html.xpressbuddy.com/kinter/assets/img/icon/ft01.png]
[html.xpressbuddy.com/kinter/assets/img/icon/ft02.png]
[html.xpressbuddy.com/kinter/assets/img/icon/ft03.png]
[html.xpressbuddy.com/kinter/assets/img/blog/footer-post/footer-post01.jpg]
[html.xpressbuddy.com/kinter/assets/img/blog/footer-post/footer-post02.jpg]
[html.xpressbuddy.com/kinter/assets/js/jquery-3.5.1.min.js]
[html.xpressbuddy.com/kinter/assets/js/bootstrap.bundle.min.js]
[themeforest.net/user/xpressbuddy.html]
[html.xpressbuddy.com/kinter/assets/js/owl.carousel.min.js]
[html.xpressbuddy.com/kinter/assets/js/jquery.meanmenu.min.js]
[html.xpressbuddy.com/kinter/assets/js/jqueryui.js]
[html.xpressbuddy.com/kinter/assets/js/touchspin.js]
[html.xpressbuddy.com/kinter/assets/js/isotope.pkgd.min.js]
[html.xpressbuddy.com/kinter/assets/js/odometer.min.js]
[html.xpressbuddy.com/kinter/assets/js/uikit.min.js]
[html.xpressbuddy.com/kinter/assets/js/jquery.appear.js]
[html.xpressbuddy.com/kinter/assets/js/swiper.min.js]
[html.xpressbuddy.com/kinter/assets/js/backToTop.js]
[html.xpressbuddy.com/kinter/assets/js/imagesloaded.pkgd.min.js]
[html.xpressbuddy.com/kinter/assets/js/jquery.magnific-popup.min.js]
[html.xpressbuddy.com/kinter/assets/js/main.js]
[html.xpressbuddy.com/kinter/index.html]
[html.xpressbuddy.com/kinter/assets/css/bootstrap.min.css]
[html.xpressbuddy.com/kinter/assets/fonts/fa-brands-400.ttf]
[html.xpressbuddy.com/kinter/assets/fonts/fa-light-300.ttf]
[html.xpressbuddy.com/kinter/assets/fonts/fa-regular-400.ttf]
[html.xpressbuddy.com/kinter/assets/fonts/fa-solid-900.ttf]
[html.xpressbuddy.com/kinter/assets/css/fontawesome.css]
[html.xpressbuddy.com/kinter/assets/css/animate.min.css]
[html.xpressbuddy.com/kinter/assets/css/owl.video.play.png]
[html.xpressbuddy.com/kinter/assets/css/owl.carousel.min.css]
[html.xpressbuddy.com/kinter/assets/css/magnific-popup.css]
[html.xpressbuddy.com/kinter/assets/css/swiper.min.css]
[html.xpressbuddy.com/kinter/assets/css/meanmenu.css]
[html.xpressbuddy.com/kinter/assets/css/images/ui-icons_444444_256x240.png]
[html.xpressbuddy.com/kinter/assets/css/images/ui-icons_555555_256x240.png]
[html.xpressbuddy.com/kinter/assets/css/images/ui-icons_ffffff_256x240.png]
[html.xpressbuddy.com/kinter/assets/css/images/ui-icons_777620_256x240.png]
[html.xpressbuddy.com/kinter/assets/css/images/ui-icons_cc0000_256x240.png]
[html.xpressbuddy.com/kinter/assets/css/images/ui-icons_777777_256x240.png]
[html.xpressbuddy.com/kinter/assets/css/jquery-ui.css]
[html.xpressbuddy.com/kinter/assets/css/uikit.min.css]
[html.xpressbuddy.com/kinter/assets/css/odometer.css]
[html.xpressbuddy.com/kinter/assets/css/common.css]
[html.xpressbuddy.com/kinter/assets/img/icon/select-arrow.png]
[html.xpressbuddy.com/kinter/assets/img/shape/section-notch-top.png]
[html.xpressbuddy.com/kinter/assets/img/shape/section-notch-bottom.png]
[html.xpressbuddy.com/kinter/assets/img/shape/sf-bg.png]
[html.xpressbuddy.com/kinter/assets/img/portfolio/menu-icon.jpg]
[html.xpressbuddy.com/kinter/assets/css/style.css]
[html.xpressbuddy.com/kinter/assets/css/responsive.css]
[html.xpressbuddy.com/kinter/assets/img/bg/page-title-bg.jpg]
[html.xpressbuddy.com/kinter/assets/img/about/about-02.jpg]
[html.xpressbuddy.com/kinter/assets/img/video/img-01.jpg]
[html.xpressbuddy.com/kinter/about.html]
[html.xpressbuddy.com/kinter/assets/img/teacher/img-01.jpg]
[html.xpressbuddy.com/kinter/assets/img/teacher/img-02.jpg]
[html.xpressbuddy.com/kinter/assets/img/teacher/img-03.jpg]
[html.xpressbuddy.com/kinter/assets/img/teacher/img-04.jpg]
[html.xpressbuddy.com/kinter/assets/img/teacher/img-05.jpg]
[html.xpressbuddy.com/kinter/assets/img/teacher/img-06.jpg]
[html.xpressbuddy.com/kinter/assets/img/teacher/img-07.jpg]
[html.xpressbuddy.com/kinter/assets/img/teacher/img-08.jpg]
[html.xpressbuddy.com/kinter/teachers.html]
[html.xpressbuddy.com/kinter/assets/img/teacher/img-09.jpg]
[html.xpressbuddy.com/kinter/assets/img/teacher/img-10.jpg]
[html.xpressbuddy.com/kinter/assets/img/teacher/img-11.jpg]
[html.xpressbuddy.com/kinter/teacher-single.html]
[html.xpressbuddy.com/kinter/assets/img/class/class-4.jpg]
[html.xpressbuddy.com/kinter/assets/img/class/class-5.jpg]
[html.xpressbuddy.com/kinter/assets/img/class/class-6.jpg]
[html.xpressbuddy.com/kinter/classes.html]
[html.xpressbuddy.com/kinter/assets/img/class/class-7.jpg]
[html.xpressbuddy.com/kinter/assets/img/class/class-8.jpg]
[html.xpressbuddy.com/kinter/assets/img/class/class-9.jpg]
[html.xpressbuddy.com/kinter/assets/img/blog/blog-widget/widget-post01.jpg]
[html.xpressbuddy.com/kinter/assets/img/blog/blog-widget/widget-post02.jpg]
[html.xpressbuddy.com/kinter/assets/img/blog/blog-widget/widget-post03.jpg]
[html.xpressbuddy.com/kinter/assets/img/blog/blog-widget/widget-post04.jpg]
[html.xpressbuddy.com/kinter/class-single.html]
[html.xpressbuddy.com/kinter/assets/img/shop/img-1.jpg]
[html.xpressbuddy.com/kinter/assets/img/shop/img-2.jpg]
[html.xpressbuddy.com/kinter/assets/img/shop/img-3.jpg]
[html.xpressbuddy.com/kinter/assets/img/shop/img-4.jpg]
[html.xpressbuddy.com/kinter/assets/img/shop/img-5.jpg]
[html.xpressbuddy.com/kinter/assets/img/shop/img-6.jpg]
[html.xpressbuddy.com/kinter/assets/img/shop/img-7.jpg]
[html.xpressbuddy.com/kinter/assets/img/shop/img-8.jpg]
[html.xpressbuddy.com/kinter/assets/img/shop/img-9.jpg]
[html.xpressbuddy.com/kinter/shop.html]
[html.xpressbuddy.com/kinter/assets/img/shop/review/img-1.jpg]
[html.xpressbuddy.com/kinter/assets/img/shop/review/img-2.jpg]
[html.xpressbuddy.com/kinter/assets/img/shop/review/img-3.jpg]
[html.xpressbuddy.com/kinter/shop-single.html]
[html.xpressbuddy.com/kinter/cart.html]
[html.xpressbuddy.com/kinter/assets/img/shop/paypal.png]
[html.xpressbuddy.com/kinter/checkout.html]
[html.xpressbuddy.com/kinter/assets/img/blog/blog01.jpg]
[html.xpressbuddy.com/kinter/assets/img/blog/blog02.jpg]
[html.xpressbuddy.com/kinter/assets/img/blog/blog03.jpg]
[html.xpressbuddy.com/kinter/blog.html]
[html.xpressbuddy.com/kinter/assets/img/blog/comment01.png]
[html.xpressbuddy.com/kinter/assets/img/blog/comment02.png]
[html.xpressbuddy.com/kinter/blog-details.html]
[html.xpressbuddy.com/kinter/contact.html]
[themeforest.net/user/xpressbuddy/portfolio.html]
[themeforest.net/user/xpressbuddy/followers.html]
[themeforest.net/user/xpressbuddy/following.html]
[themeforest.net/user/art_theme.html]
[themeforest.net/user/tenxguide-themes.html]
[themeforest.net/user/princevlla.html]
[themeforest.net/user/codifytheme.html]
[themeforest.net/user/ajcrypto.html]
[themeforest.net/user/evadojohnjerry.html]
[themeforest.net/user/raphaelosu.html]
[themeforest.net/user/ihofficework.html]
[themeforest.net/user/tanjilatahsin80.html]
[themeforest.net/user/themesartisan.html]
[themeforest.net/user/xpressbuddy.html]
[html.xpressbuddy.com/kinter/assets/js/jquery-3.5.1.min.js]
[html.xpressbuddy.com/kinter/assets/js/bootstrap.bundle.min.js]
[html.xpressbuddy.com/kinter/assets/js/owl.carousel.min.js]
[html.xpressbuddy.com/kinter/assets/js/jquery.meanmenu.min.js]
[html.xpressbuddy.com/kinter/assets/js/jqueryui.js]
[html.xpressbuddy.com/kinter/assets/js/touchspin.js]
[html.xpressbuddy.com/kinter/assets/js/isotope.pkgd.min.js]
[html.xpressbuddy.com/kinter/assets/js/odometer.min.js]
[html.xpressbuddy.com/kinter/assets/js/uikit.min.js]
[html.xpressbuddy.com/kinter/assets/js/jquery.appear.js]
[html.xpressbuddy.com/kinter/assets/js/swiper.min.js]
[html.xpressbuddy.com/kinter/assets/js/backToTop.js]
[html.xpressbuddy.com/kinter/assets/js/imagesloaded.pkgd.min.js]
[html.xpressbuddy.com/kinter/assets/js/jquery.magnific-popup.min.js]
[html.xpressbuddy.com/kinter/assets/js/main.js]
[html.xpressbuddy.com/kinter/assets/css/owl.video.play.html]
[html.xpressbuddy.com/kinter/assets/css/images/ui-icons_444444_256x240.html]
[html.xpressbuddy.com/kinter/assets/css/images/ui-icons_555555_256x240.html]
[html.xpressbuddy.com/kinter/assets/css/images/ui-icons_ffffff_256x240.html]
[html.xpressbuddy.com/kinter/assets/css/images/ui-icons_777620_256x240.html]
[html.xpressbuddy.com/kinter/assets/css/images/ui-icons_cc0000_256x240.html]
[html.xpressbuddy.com/kinter/assets/css/images/ui-icons_777777_256x240.html]
[themeforest.net/user/saagarshah.html]
[html.xpressbuddy.com/kinter/version/index-2.html]
[html.xpressbuddy.com/kinter/Version/index.html]
[themeforest.net/user/xpressbuddy/portfolio2b15.html]
[themeforest.net/user/xpressbuddy/portfolio5db0.html]
[themeforest.net/user/xpressbuddy/portfolio4658.html]
[themeforest.net/user/xpressbuddy/portfolio.html]
[themeforest.net/user/xpressbuddy/followers.html]
[themeforest.net/user/xpressbuddy/following.html]
[themeforest.net/user/art_theme.html]
[themeforest.net/user/tenxguide-themes.html]
[themeforest.net/user/princevlla.html]
[themeforest.net/user/codifytheme/portfolio.html]
[themeforest.net/user/codifytheme/followers.html]
[themeforest.net/user/codifytheme/following.html]
[themeforest.net/user/codifytheme/collections.html]
[themeforest.net/user/centinicirojaubm7450.html]
[themeforest.net/user/priotheme_x.html]
[themeforest.net/user/preoit.html]
[themeforest.net/user/codeotheme.html]
[themeforest.net/user/rahi71393.html]
[themeforest.net/user/pebtion.html]
[themeforest.net/user/individualprojects.html]
[themeforest.net/user/sana3327891.html]
[themeforest.net/user/codifytheme.html]
[themeforest.net/user/ajcrypto.html]
[themeforest.net/user/evadojohnjerry.html]
[themeforest.net/user/raphaelosu.html]
[themeforest.net/user/ihofficework.html]
[themeforest.net/user/tanjilatahsin80.html]
[themeforest.net/user/themesartisan.html]
[themeforest.net/user/saagarshah.html]
[html.xpressbuddy.com/kinter/Version/index.html]
[html.xpressbuddy.com/kinter/version/index-2.html]
[themeforest.net/user/designsbymatt.html]
[themeforest.net/user/xpressbuddy/portfolio5ac3.html]
[themeforest.net/user/xpressbuddy/portfolio2b15.html]
[themeforest.net/user/xpressbuddy/portfolioaef2.html]
[themeforest.net/user/xpressbuddy/portfolio5db0.html]
[themeforest.net/user/xpressbuddy/portfolio2679.html]
[themeforest.net/user/xpressbuddy/portfolio4658.html]
[themeforest.net/user/codifytheme/portfolio2b15.html]
[themeforest.net/user/codifytheme/portfolio.html]
[themeforest.net/user/codifytheme/followers.html]
[themeforest.net/user/codifytheme/following.html]
[themeforest.net/user/codifytheme/collections.html]
[themeforest.net/user/centinicirojaubm7450.html]
[themeforest.net/user/codifytheme/portfolio5db0.html]
[themeforest.net/user/priotheme_x/portfolio.html]
[themeforest.net/user/priotheme_x/followers.html]
[themeforest.net/user/priotheme_x.html]
[themeforest.net/user/priotheme_x/following.html]
[themeforest.net/user/preoit/portfolio.html]
[themeforest.net/user/preoit/followers.html]
[themeforest.net/user/preoit/following.html]
[themeforest.net/user/preoiT/collections.html]
[themeforest.net/user/website_stock.html]
[themeforest.net/user/green-touch.html]
[themeforest.net/user/preoit.html]
[themeforest.net/user/codeotheme.html]
[themeforest.net/user/rahi71393.html]
[themeforest.net/user/pebtion.html]
[themeforest.net/user/modinatheme.html]
[themeforest.net/user/individualprojects/followers.html]
[themeforest.net/user/individualprojects/following.html]
[themeforest.net/user/Individualprojects/collections.html]
[themeforest.net/user/baturan.html]
[themeforest.net/user/devsnack.html]
[themeforest.net/user/flutter_app_dev.html]
[themeforest.net/user/farmofficialstudios.html]
[themeforest.net/user/ara258171.html]
[themeforest.net/user/authenticgallery.html]
[themeforest.net/user/infotechmitansh.html]
[themeforest.net/user/aprixatelier.html]
[themeforest.net/user/lazyandbusy.html]
[themeforest.net/user/individualprojects.html]
[themeforest.net/user/sana3327891.html]
[themeforest.net/user/designsbymatt.html]
[themeforest.net/user/xhelkhil9.html]
[themeforest.net/user/xpressbuddy/portfolioce56.html]
[themeforest.net/user/xpressbuddy/portfolio5ac3.html]
[themeforest.net/user/xpressbuddy/portfolio9615.html]
[themeforest.net/user/xpressbuddy/portfolioaef2.html]
[themeforest.net/user/xpressbuddy/portfolio2679.html]
[themeforest.net/user/codifytheme/portfolio2b15.html]
[themeforest.net/user/codifytheme/portfolio5db0.html]
[themeforest.net/user/priotheme_x/portfolio2b15.html]
[themeforest.net/user/priotheme_x/portfolio.html]
[themeforest.net/user/priotheme_x/followers.html]
[themeforest.net/user/priotheme_x/following.html]
[themeforest.net/user/priotheme_x/portfolio5db0.html]
[themeforest.net/user/preoit/portfolio2b15.html]
[themeforest.net/user/preoit/portfolio.html]
[themeforest.net/user/preoit/followers.html]
[themeforest.net/user/preoit/following.html]
[themeforest.net/user/preoiT/collections.html]
[themeforest.net/user/preoit/portfolio5db0.html]
[themeforest.net/user/website_stock/portfolio.html]
[themeforest.net/user/website_stock/followers.html]
[themeforest.net/user/website_stock/following.html]
[themeforest.net/user/shifamoni67901.html]
[themeforest.net/user/webplateone.html]
[themeforest.net/user/baysoftbdx.html]
[themeforest.net/user/shoebabedin12.html]
[themeforest.net/user/excellent_ui.html]
[themeforest.net/user/theme-canvas.html]
[themeforest.net/user/rokkam.html]
[themeforest.net/user/ysndrvsgl.html]
[themeforest.net/user/fahimaltinordu.html]
[themeforest.net/user/website_stock.html]
[themeforest.net/user/dinshah.html]
[themeforest.net/user/green-touch/portfolio.html]
[themeforest.net/user/green-touch/followers.html]
[themeforest.net/user/green-touch/following.html]
[themeforest.net/user/rowdevs.html]
[themeforest.net/user/arpandr27.html]
[themeforest.net/user/indoclubberstvmusic.html]
[themeforest.net/user/okothpatrick562.html]
[themeforest.net/user/designersara93.html]
[themeforest.net/user/alexanagjobs.html]
[themeforest.net/user/peter0625.html]
[themeforest.net/user/elshonymohammed6.html]
[themeforest.net/user/green-touch.html]
[themeforest.net/user/namakulatahiya50.html]
[themeforest.net/user/modinatheme/portfolio.html]
[themeforest.net/user/modinatheme/followers.html]
[themeforest.net/user/modinatheme/following.html]
[themeforest.net/user/modinatheme/collections.html]
[themeforest.net/user/praveenkalky.html]
[themeforest.net/user/themedevo.html]
[themeforest.net/user/renderly.html]
[themeforest.net/user/themeclimax.html]
[themeforest.net/user/joujonikiasaroy.html]
[themeforest.net/user/safemargin.html]
[themeforest.net/user/balaboinakirankumar97.html]
[themeforest.net/user/modinatheme.html]
[themeforest.net/user/individualprojects/followers.html]
[themeforest.net/user/individualprojects/following.html]
[themeforest.net/user/Individualprojects/collections.html]
[themeforest.net/user/johnkariiuki.html]
[themeforest.net/user/baturan/followers.html]
[themeforest.net/user/baturan/following.html]
[themeforest.net/user/baturaN/collections.html]
[themeforest.net/user/regaldraft.html]
[themeforest.net/user/lakyoto.html]
[themeforest.net/user/adorable_paws.html]
[themeforest.net/user/sayeedhossain257.html]
[themeforest.net/user/vora_harikrushna.html]
[themeforest.net/user/mcamara29.html]
[themeforest.net/user/hummingbird-musicworks.html]
[themeforest.net/user/dreamforger.html]
[themeforest.net/user/eduardojustino.html]
[themeforest.net/user/art_play.html]
[themeforest.net/user/baturan.html]
[themeforest.net/user/colour_drops.html]
[themeforest.net/user/devsnack/followers.html]
[themeforest.net/user/devsnack/following.html]
[themeforest.net/user/peterwapwani.html]
[themeforest.net/user/entorefamily.html]
[themeforest.net/user/devsnack.html]
[themeforest.net/user/flutter_app_dev.html]
[themeforest.net/user/farmofficialstudios.html]
[themeforest.net/user/ara258171.html]
[themeforest.net/user/adenekandaniel485.html]
[themeforest.net/user/authenticgallery/followers.html]
[themeforest.net/user/authenticgallery/following.html]
[themeforest.net/user/matelmas-.html]
[themeforest.net/user/ttt9201.html]
[themeforest.net/user/rnrvcalpha1400.html]
[themeforest.net/user/authenticgallery.html]
[themeforest.net/user/infotechmitansh.html]
[themeforest.net/user/aprixatelier.html]
[themeforest.net/user/lazyandbusy.html]
[themeforest.net/user/xhelkhil9.html]
[themeforest.net/user/motionxtra.html]
[themeforest.net/user/xpressbuddy/portfolioce56.html]
[themeforest.net/user/xpressbuddy/portfolio9615.html]
[themeforest.net/user/priotheme_x/portfolio2b15.html]
[themeforest.net/user/priotheme_x/portfolio5db0.html]
[themeforest.net/user/preoit/portfolio2b15.html]
[themeforest.net/user/preoit/portfolio5db0.html]
[themeforest.net/user/website_stock/portfolio2b15.html]
[themeforest.net/user/website_stock/portfolio5db0.html]
[themeforest.net/user/website_stock/portfolio4658.html]
[themeforest.net/user/website_stock/portfolio.html]
[themeforest.net/user/website_stock/followers.html]
[themeforest.net/user/website_stock/following.html]
[themeforest.net/user/shifamoni67901.html]
[themeforest.net/user/webplateone.html]
[themeforest.net/user/baysoftbdx.html]
[themeforest.net/user/shoebabedin12.html]
[themeforest.net/user/excellent_ui.html]
[themeforest.net/user/theme-canvas.html]
[themeforest.net/user/rokkam.html]
[themeforest.net/user/ysndrvsgl.html]
[themeforest.net/user/website_stock/portfolio9ba9.html]
[themeforest.net/user/fahimaltinordu/followers.html]
[themeforest.net/user/fahimaltinordu.html]
[themeforest.net/user/dinshah.html]
[themeforest.net/user/fahimaltinordu/following.html]
[themeforest.net/user/green-touch/portfolio2b15.html]
[themeforest.net/user/green-touch/portfolio.html]
[themeforest.net/user/green-touch/followers.html]
[themeforest.net/user/green-touch/following.html]
[themeforest.net/user/rowdevs.html]
[themeforest.net/user/arpandr27.html]
[themeforest.net/user/indoclubberstvmusic.html]
[themeforest.net/user/okothpatrick562.html]
[themeforest.net/user/designersara93.html]
[themeforest.net/user/alexanagjobs.html]
[themeforest.net/user/peter0625.html]
[themeforest.net/user/elshonymohammed6.html]
[themeforest.net/user/namakulatahiya50.html]
[themeforest.net/user/green-touch/portfolio5db0.html]
[themeforest.net/user/modinatheme/portfolio2b15.html]
[themeforest.net/user/modinatheme/portfolio5db0.html]
[themeforest.net/user/modinatheme/portfolio.html]
[themeforest.net/user/modinatheme/followers.html]
[themeforest.net/user/modinatheme/following.html]
[themeforest.net/user/modinatheme/collections.html]
[themeforest.net/user/praveenkalky.html]
[themeforest.net/user/modinatheme/portfolio4658.html]
[themeforest.net/user/themedevo/portfolio.html]
[themeforest.net/user/themedevo/followers.html]
[themeforest.net/user/themedevo/following.html]
[themeforest.net/user/themes_studio.html]
[themeforest.net/user/s7games.html]
[themeforest.net/user/mzaini727.html]
[themeforest.net/user/qodesphere.html]
[themeforest.net/user/nexa-themes.html]
[themeforest.net/user/icebofficework.html]
[themeforest.net/user/themedevo.html]
[themeforest.net/user/renderly.html]
[themeforest.net/user/dopetheme.html]
[themeforest.net/user/themeclimax/followers.html]
[themeforest.net/user/themeclimax/following.html]
[themeforest.net/user/mindwaredev.html]
[themeforest.net/user/wppluginsstudio780.html]
[themeforest.net/user/arpondebnath212.html]
[themeforest.net/user/deepesh_01.html]
[themeforest.net/user/nhtawhid182.html]
[themeforest.net/user/themeclimax.html]
[themeforest.net/user/joujonikiasaroy.html]
[themeforest.net/user/safemargin.html]
[themeforest.net/user/balaboinakirankumar97.html]
[themeforest.net/user/johnkariiuki.html]
[themeforest.net/user/baturan/followers.html]
[themeforest.net/user/baturan/following.html]
[themeforest.net/user/baturaN/collections.html]
[themeforest.net/user/greenzebraproduction.html]
[themeforest.net/user/regaldraft/followers.html]
[themeforest.net/user/regaldraft/following.html]
[themeforest.net/user/regalDRAFT/collections.html]
[themeforest.net/user/regaldraw.html]
[themeforest.net/user/nomadicxxl.html]
[themeforest.net/user/r44d.html]
[themeforest.net/user/verifyb0t.html]
[themeforest.net/user/swisstheme.html]
[themeforest.net/user/dn_design.html]
[themeforest.net/user/ddsl_creations.html]
[themeforest.net/user/zurachmi.html]
[themeforest.net/user/hamzen1.html]
[themeforest.net/user/acrylicbeats.html]
[themeforest.net/user/regaldraft.html]
[themeforest.net/user/designshop_292.html]
[themeforest.net/user/lakyoto/followers.html]
[themeforest.net/user/lakyoto/following.html]
[themeforest.net/user/introversemedia.html]
[themeforest.net/user/dimvit.html]
[themeforest.net/user/ahmad-pkp-studio.html]
[themeforest.net/user/sohelrahat39.html]
[themeforest.net/user/blackbox0123.html]
[themeforest.net/user/shikkon.html]
[themeforest.net/user/johnscofield.html]
[themeforest.net/user/floano_music.html]
[themeforest.net/user/lakyoto.html]
[themeforest.net/user/adorable_paws.html]
[themeforest.net/user/sayeedhossain257.html]
[themeforest.net/user/viktorgjokaj.html]
[themeforest.net/user/vora_harikrushna/followers.html]
[themeforest.net/user/vora_harikrushna/following.html]
[themeforest.net/user/bknasimdesigner.html]
[themeforest.net/user/desilama31.html]
[themeforest.net/user/studioproject.html]
[themeforest.net/user/hoielementortemplatekit.html]
[themeforest.net/user/vora_harikrushna.html]
[themeforest.net/user/mcamara29.html]
[themeforest.net/user/soundark.html]
[themeforest.net/user/hummingbird-musicworks/followers.html]
[themeforest.net/user/hummingbird-musicworks/following.html]
[themeforest.net/user/Hummingbird-musicworks/collections.html]
[themeforest.net/user/belgradiostream.html]
[themeforest.net/user/sunerchamar727.html]
[themeforest.net/user/momota7102003.html]
[themeforest.net/user/aldinoorzaman28.html]
[themeforest.net/user/ontrendpk.html]
[themeforest.net/user/muhammadumair55.html]
[themeforest.net/user/hummingbird-musicworks.html]
[themeforest.net/user/dreamforger.html]
[themeforest.net/user/eduardojustino.html]
[themeforest.net/user/sianhnguyen996.html]
[themeforest.net/user/art_play/followers.html]
[themeforest.net/user/art_play/following.html]
[themeforest.net/user/dndefx.html]
[themeforest.net/user/creative7eye.html]
[themeforest.net/user/shenecevgeniy.html]
[themeforest.net/user/ibrahimbd70.html]
[themeforest.net/user/ensarturk.html]
[themeforest.net/user/italoohsouza.html]
[themeforest.net/user/acoustic_man.html]
[themeforest.net/user/murshidalom.html]
[themeforest.net/user/art_play.html]
[themeforest.net/user/bayezidrahman.html]
[themeforest.net/user/colour_drops/followers.html]
[themeforest.net/user/colour_drops/following.html]
[themeforest.net/user/sujit_chandra_deb_victor_artist.html]
[themeforest.net/user/vicky_klair.html]
[themeforest.net/user/dot_bangla.html]
[themeforest.net/user/aryanrj.html]
[themeforest.net/user/colour_drops.html]
[themeforest.net/user/devsnack/followers.html]
[themeforest.net/user/devsnack/following.html]
[themeforest.net/user/peterwapwani.html]
[themeforest.net/user/entorefamily.html]
[themeforest.net/user/adenekandaniel485.html]
[themeforest.net/user/authenticgallery/followers.html]
[themeforest.net/user/authenticgallery/following.html]
[themeforest.net/user/irfanmahvbt.html]
[themeforest.net/user/matelmas-/followers.html]
[themeforest.net/user/matelmas-/following.html]
[themeforest.net/user/apggames99.html]
[themeforest.net/user/matelmas-.html]
[themeforest.net/user/ttt9201.html]
[themeforest.net/user/jrslyce.html]
[themeforest.net/user/rnrvcalpha1400/followers.html]
[themeforest.net/user/rnrvcalpha1400/following.html]
[themeforest.net/user/Rnrvcalpha1400/collections.html]
[themeforest.net/user/asrpaul2007.html]
[themeforest.net/user/vinakmotion.html]
[themeforest.net/user/tunes4you.html]
[themeforest.net/user/fx_market.html]
[themeforest.net/user/kolokol.html]
[themeforest.net/user/logoponds.html]
[themeforest.net/user/jackwang1368.html]
[themeforest.net/user/aksokto14.html]
[themeforest.net/user/drdigital_vibes.html]
[themeforest.net/user/rnrvcalpha1400.html]
[themeforest.net/user/aspenmusic.html]
[themeforest.net/user/motionxtra/followers.html]
[themeforest.net/user/motionxtra/following.html]
[themeforest.net/user/MotionXtra/collections.html]
[themeforest.net/user/amardeep.html]
[themeforest.net/user/motionsunday.html]
[themeforest.net/user/felixmarkus1938.html]
[themeforest.net/user/vivavisual.html]
[themeforest.net/user/letitgogh.html]
[themeforest.net/user/3dmcube.html]
[themeforest.net/user/stockfootagelab.html]
[themeforest.net/user/pixelsmagic.html]
[themeforest.net/user/motionxtra.html]
[themeforest.net/user/pole_star.html]
[themeforest.net/user/website_stock/portfolio5ac3.html]
[themeforest.net/user/website_stock/portfolio2b15.html]
[themeforest.net/user/website_stock/portfolioed11.html]
[themeforest.net/user/website_stock/portfolioaef2.html]
[themeforest.net/user/website_stock/portfolio5db0.html]
[themeforest.net/user/website_stock/portfolio2f0b.html]
[themeforest.net/user/website_stock/portfolio4658.html]
[themeforest.net/user/website_stock/portfolio9ba9.html]
[themeforest.net/user/fahimaltinordu/followers.html]
[themeforest.net/user/fahimaltinordu/following.html]
[themeforest.net/user/green-touch/portfolio2b15.html]
[themeforest.net/user/green-touch/portfolio5db0.html]
[themeforest.net/user/website_stock/portfolio2679.html]
[themeforest.net/user/modinatheme/portfolio2b15.html]
[themeforest.net/user/modinatheme/portfolio5ac3.html]
[themeforest.net/user/modinatheme/portfolio5db0.html]
[themeforest.net/user/modinatheme/portfolioaef2.html]
[themeforest.net/user/modinatheme/portfolio4658.html]
[themeforest.net/user/modinatheme/portfolio2679.html]
[themeforest.net/user/themedevo/portfolio2b15.html]
[themeforest.net/user/themedevo/portfolio.html]
[themeforest.net/user/themedevo/followers.html]
[themeforest.net/user/themedevo/following.html]
[themeforest.net/user/themes_studio.html]
[themeforest.net/user/themedevo/portfolio5db0.html]
[themeforest.net/user/s7games/followers.html]
[themeforest.net/user/s7games/following.html]
[themeforest.net/user/dev3technologies.html]
[themeforest.net/user/im7mmad.html]
[themeforest.net/user/maxheadspace1.html]
[themeforest.net/user/creativestudio4253.html]
[themeforest.net/user/s7games.html]
[themeforest.net/user/mzaini727.html]
[themeforest.net/user/qodesphere.html]
[themeforest.net/user/nexa-themes.html]
[themeforest.net/user/icebofficework.html]
[themeforest.net/user/dopetheme.html]
[themeforest.net/user/themeclimax/followers.html]
[themeforest.net/user/themeclimax/following.html]
[themeforest.net/user/rolligator.html]
[themeforest.net/user/mindwaredev/followers.html]
[themeforest.net/user/mindwaredev.html]
[themeforest.net/user/wppluginsstudio780.html]
[themeforest.net/user/arpondebnath212.html]
[themeforest.net/user/deepesh_01.html]
[themeforest.net/user/nhtawhid182.html]
[themeforest.net/user/mindwaredev/following.html]
[themeforest.net/user/greenzebraproduction/followers.html]
[themeforest.net/user/greenzebraproduction/following.html]
[themeforest.net/user/GreenZebraProduction/collections.html]
[themeforest.net/user/mdmamuzic.html]
[themeforest.net/user/tisden641.html]
[themeforest.net/user/impressedev.html]
[themeforest.net/user/brokoola.html]
[themeforest.net/user/sarmin258.html]
[themeforest.net/user/wrdoyan.html]
[themeforest.net/user/greenzebraproduction.html]
[themeforest.net/user/regaldraft/followers.html]
[themeforest.net/user/regaldraft/following.html]
[themeforest.net/user/regalDRAFT/collections.html]
[themeforest.net/user/crypticxguardian.html]
[themeforest.net/user/regaldraw/followers.html]
[themeforest.net/user/regaldraw/following.html]
[themeforest.net/user/RegalDRAW/collections.html]
[themeforest.net/user/mikeflores123.html]
[themeforest.net/user/m7mdnas.html]
[themeforest.net/user/ennestudio.html]
[themeforest.net/user/regaldraw.html]
[themeforest.net/user/mejikuco.html]
[themeforest.net/user/nomadicxxl/followers.html]
[themeforest.net/user/nomadicxxl/following.html]
[themeforest.net/user/Nomadicxxl/collections.html]
[themeforest.net/user/rehouhima.html]
[themeforest.net/user/khanmirage.html]
[themeforest.net/user/dofaco.html]
[themeforest.net/user/nizar-ben-fadhel.html]
[themeforest.net/user/don-vfx.html]
[themeforest.net/user/colourfulsounds.html]
[themeforest.net/user/nomadicxxl.html]
[themeforest.net/user/r44d.html]
[themeforest.net/user/verifyb0t.html]
[themeforest.net/user/slk_beats.html]
[themeforest.net/user/swisstheme/followers.html]
[themeforest.net/user/swisstheme/following.html]
[themeforest.net/user/raimonds-k.html]
[themeforest.net/user/pedrobulgarao.html]
[themeforest.net/user/stereum.html]
[themeforest.net/user/shadowvgk.html]
[themeforest.net/user/bensoundsproduction.html]
[themeforest.net/user/swisstheme.html]
[themeforest.net/user/caermusic.html]
[themeforest.net/user/dn_design/followers.html]
[themeforest.net/user/dn_design/following.html]
[themeforest.net/user/cat_in_glasses.html]
[themeforest.net/user/andreabalzani.html]
[themeforest.net/user/emyou.html]
[themeforest.net/user/sohn.html]
[themeforest.net/user/aeipix.html]
[themeforest.net/user/moosbeat.html]
[themeforest.net/user/envatohelper.html]
[themeforest.net/user/shansakku.html]
[themeforest.net/user/creatorium_sound_design.html]
[themeforest.net/user/dn_design.html]
[themeforest.net/user/audiook.html]
[themeforest.net/user/ddsl_creations/followers.html]
[themeforest.net/user/ddsl_creations/following.html]
[themeforest.net/user/rshgraphics75.html]
[themeforest.net/user/simonleng.html]
[themeforest.net/user/aovsound.html]
[themeforest.net/user/ddsl_creations.html]
[themeforest.net/user/zurachmi.html]
[themeforest.net/user/hamzen1.html]
[themeforest.net/user/acrylicbeats.html]
[themeforest.net/user/designshop_292.html]
[themeforest.net/user/lakyoto/followers.html]
[themeforest.net/user/lakyoto/following.html]
[themeforest.net/user/wander1970.html]
[themeforest.net/user/introversemedia/followers.html]
[themeforest.net/user/introversemedia/following.html]
[themeforest.net/user/IntroverseMedia/collections.html]
[themeforest.net/user/svitlomotion.html]
[themeforest.net/user/nilpatel01.html]
[themeforest.net/user/vincemcgill.html]
[themeforest.net/user/dosana.html]
[themeforest.net/user/codemusic.html]
[themeforest.net/user/alexunderthesky.html]
[themeforest.net/user/audio_tree.html]
[themeforest.net/user/introversemedia.html]
[themeforest.net/user/carloschagasaudiocomposer.html]
[themeforest.net/user/dimvit/followers.html]
[themeforest.net/user/dimvit/following.html]
[themeforest.net/user/gregorywebb.html]
[themeforest.net/user/dimvit.html]
[themeforest.net/user/ahmad-pkp-studio.html]
[themeforest.net/user/sohelrahat39.html]
[themeforest.net/user/blackbox0123.html]
[themeforest.net/user/roaringlionmusic.html]
[themeforest.net/user/shikkon/followers.html]
[themeforest.net/user/shikkon/following.html]
[themeforest.net/user/SHIKKON/collections.html]
[themeforest.net/user/graphiculon.html]
[themeforest.net/user/shikkon.html]
[themeforest.net/user/rahman87raj.html]
[themeforest.net/user/johnscofield/followers.html]
[themeforest.net/user/johnscofield/following.html]
[themeforest.net/user/johnscofield/collections.html]
[themeforest.net/user/mrpixellab.html]
[themeforest.net/user/whiteslicermusic.html]
[themeforest.net/user/johnscofield.html]
[themeforest.net/user/beloveproduction.html]
[themeforest.net/user/floano_music/followers.html]
[themeforest.net/user/floano_music/following.html]
[themeforest.net/user/Floano_Music/collections.html]
[themeforest.net/user/tertandaindonesia.html]
[themeforest.net/user/aneeqgfx.html]
[themeforest.net/user/centralperkproduction.html]
[themeforest.net/user/floano_music.html]
[themeforest.net/user/scoring-studio.html]
[themeforest.net/user/viktorgjokaj/followers.html]
[themeforest.net/user/viktorgjokaj/following.html]
[themeforest.net/user/ViktorGjokaj/collections.html]
[themeforest.net/user/designsbyreja.html]
[themeforest.net/user/viktorgjokaj.html]
[themeforest.net/user/vora_harikrushna/followers.html]
[themeforest.net/user/vora_harikrushna/following.html]
[themeforest.net/user/bknasimdesigner.html]
[themeforest.net/user/desilama31.html]
[themeforest.net/user/lutshub.html]
[themeforest.net/user/studioproject/followers.html]
[themeforest.net/user/studioproject/following.html]
[themeforest.net/user/StudioProject/collections.html]
[themeforest.net/user/henrich407.html]
[themeforest.net/user/mramericandragon.html]
[themeforest.net/user/daydreammedia.html]
[themeforest.net/user/airda.html]
[themeforest.net/user/vfimusic.html]
[themeforest.net/user/studioproject.html]
[themeforest.net/user/hardprosound.html]
[themeforest.net/user/hoielementortemplatekit/followers.html]
[themeforest.net/user/hoielementortemplatekit/following.html]
[themeforest.net/user/prismowp.html]
[themeforest.net/user/24hussaini.html]
[themeforest.net/user/talebasmat.html]
[themeforest.net/user/ferya290.html]
[themeforest.net/user/hoielementortemplatekit.html]
[themeforest.net/user/soundark.html]
[themeforest.net/user/hummingbird-musicworks/followers.html]
[themeforest.net/user/hummingbird-musicworks/following.html]
[themeforest.net/user/Hummingbird-musicworks/collections.html]
[themeforest.net/user/belgradiostream.html]
[themeforest.net/user/sunerchamar727.html]
[themeforest.net/user/momota7102003.html]
[themeforest.net/user/aldinoorzaman28.html]
[themeforest.net/user/ontrendpk.html]
[themeforest.net/user/muhammadumair55.html]
[themeforest.net/user/sianhnguyen996.html]
[themeforest.net/user/art_play/followers.html]
[themeforest.net/user/art_play/following.html]
[themeforest.net/user/dndefx.html]
[themeforest.net/user/hasanrxmdronykhanjoy818.html]
[themeforest.net/user/creative7eye/followers.html]
[themeforest.net/user/creative7eye/following.html]
[themeforest.net/user/animedias.html]
[themeforest.net/user/creative7eye.html]
[themeforest.net/user/shenecevgeniy.html]
[themeforest.net/user/ibrahimbd70.html]
[themeforest.net/user/ensarturk.html]
[themeforest.net/user/chekarino.html]
[themeforest.net/user/italoohsouza/followers.html]
[themeforest.net/user/italoohsouza/following.html]
[themeforest.net/user/italoohsouza/collections.html]
[themeforest.net/user/artnivora_std.html]
[themeforest.net/user/italoohsouza.html]
[themeforest.net/user/sayed-aref.html]
[themeforest.net/user/acoustic_man/followers.html]
[themeforest.net/user/acoustic_man/following.html]
[themeforest.net/user/acoustic_man/collections.html]
[themeforest.net/user/acoustic_man.html]
[themeforest.net/user/murshidalom.html]
[themeforest.net/user/bayezidrahman.html]
[themeforest.net/user/colour_drops/followers.html]
[themeforest.net/user/colour_drops/following.html]
[themeforest.net/user/sujit_chandra_deb_victor_artist.html]
[themeforest.net/user/kreatifreya.html]
[themeforest.net/user/vicky_klair/followers.html]
[themeforest.net/user/vicky_klair/following.html]
[themeforest.net/user/minerva1988.html]
[themeforest.net/user/sohelrahat72724.html]
[themeforest.net/user/trickcoding8.html]
[themeforest.net/user/vicky_klair.html]
[themeforest.net/user/dot_bangla.html]
[themeforest.net/user/aryanrj.html]
[themeforest.net/user/nteebaabdul.html]
[themeforest.net/user/irfanmahvbt/followers.html]
[themeforest.net/user/irfanmahvbt/following.html]
[themeforest.net/user/riverpixels_studio.html]
[themeforest.net/user/batogjokaj.html]
[themeforest.net/user/irfanmahvbt.html]
[themeforest.net/user/matelmas-/followers.html]
[themeforest.net/user/matelmas-/following.html]
[themeforest.net/user/3d_model_tifotizi.html]
[themeforest.net/user/apggames99/followers.html]
[themeforest.net/user/apggames99/following.html]
[themeforest.net/user/apggames99/collections.html]
[themeforest.net/user/hooragames.html]
[themeforest.net/user/dong5966.html]
[themeforest.net/user/labet_development.html]
[themeforest.net/user/zawaddevs.html]
[themeforest.net/user/wasswawilson0002.html]
[themeforest.net/user/wexisstudios.html]
[themeforest.net/user/dkuzmina.html]
[themeforest.net/user/codesmashars.html]
[themeforest.net/user/apggames99.html]
[themeforest.net/user/jrslyce.html]
[themeforest.net/user/rnrvcalpha1400/followers.html]
[themeforest.net/user/rnrvcalpha1400/following.html]
[themeforest.net/user/Rnrvcalpha1400/collections.html]
[themeforest.net/user/asrpaul2007.html]
[themeforest.net/user/vinakmotion.html]
[themeforest.net/user/gamebitdev.html]
[themeforest.net/user/tunes4you/followers.html]
[themeforest.net/user/tunes4you/following.html]
[themeforest.net/user/Tunes4You/collections.html]
[themeforest.net/user/fher.html]
[themeforest.net/user/brotheralameen.html]
[themeforest.net/user/adsbusiness_music.html]
[themeforest.net/user/wavewatcher.html]
[themeforest.net/user/mezzala_studio.html]
[themeforest.net/user/tunes4you.html]
[themeforest.net/user/fx_market.html]
[themeforest.net/user/daramusic.html]
[themeforest.net/user/kolokol/followers.html]
[themeforest.net/user/kolokol/following.html]
[themeforest.net/user/Kolokol/collections.html]
[themeforest.net/user/stylishproject.html]
[themeforest.net/user/zmsounds.html]
[themeforest.net/user/poppunker.html]
[themeforest.net/user/dorisjs.html]
[themeforest.net/user/breakzstudios.html]
[themeforest.net/user/moodalkhayat.html]
[themeforest.net/user/kolokol.html]
[themeforest.net/user/logoponds.html]
[themeforest.net/user/jackwang1368.html]
[themeforest.net/user/aksokto14.html]
[themeforest.net/user/tizlaudio.html]
[themeforest.net/user/drdigital_vibes/followers.html]
[themeforest.net/user/drdigital_vibes/following.html]
[themeforest.net/user/bellcicijotuvera.html]
[themeforest.net/user/rolstudio.html]
[themeforest.net/user/olexa.html]
[themeforest.net/user/drdigital_vibes.html]
[themeforest.net/user/serhar.html]
[themeforest.net/user/aspenmusic/followers.html]
[themeforest.net/user/aspenmusic/following.html]
[themeforest.net/user/iscstudioofficial.html]
[themeforest.net/user/hexagonaudio.html]
[themeforest.net/user/aspenmusic.html]
[themeforest.net/user/motionxtra/followers.html]
[themeforest.net/user/motionxtra/following.html]
[themeforest.net/user/MotionXtra/collections.html]
[themeforest.net/user/miferesh.html]
[themeforest.net/user/amardeep/followers.html]
[themeforest.net/user/amardeep/following.html]
[themeforest.net/user/studiomazia.html]
[themeforest.net/user/dewaalfariz11.html]
[themeforest.net/user/antonprast14.html]
[themeforest.net/user/amardeep.html]
[themeforest.net/user/povpau.html]
[themeforest.net/user/motionsunday/followers.html]
[themeforest.net/user/motionsunday/following.html]
[themeforest.net/user/saifulhasan.html]
[themeforest.net/user/ahammedgogrow.html]
[themeforest.net/user/glasnade.html]
[themeforest.net/user/mdwfaridul.html]
[themeforest.net/user/omarcreation.html]
[themeforest.net/user/simple_project_ae.html]
[themeforest.net/user/taspiaahmmed.html]
[themeforest.net/user/csmsf.html]
[themeforest.net/user/motionsunday.html]
[themeforest.net/user/bjarfx.html]
[themeforest.net/user/felixmarkus1938/followers.html]
[themeforest.net/user/felixmarkus1938/following.html]
[themeforest.net/user/felixmarkus1938/collections.html]
[themeforest.net/user/marj60167.html]
[themeforest.net/user/rjkumar1976.html]
[themeforest.net/user/andyslatter.html]
[themeforest.net/user/felixmarkus1938.html]
[themeforest.net/user/ilyassaputracreator.html]
[themeforest.net/user/vivavisual/followers.html]
[themeforest.net/user/vivavisual/following.html]
[themeforest.net/user/vivavisual/collections.html]
[themeforest.net/user/rautavi66.html]
[themeforest.net/user/vivavisual.html]
[themeforest.net/user/letitgogh.html]
[themeforest.net/user/3dmcube.html]
[themeforest.net/user/stockfootagelab.html]
[themeforest.net/user/pixelsmagic.html]
[themeforest.net/user/pole_star.html]
[themeforest.net/user/grbicdanilo.html]
[themeforest.net/user/website_stock/portfolio5ac3.html]
[themeforest.net/user/website_stock/portfolioed11.html]
[themeforest.net/user/website_stock/portfolioce56.html]
[themeforest.net/user/website_stock/portfolioaef2.html]
[themeforest.net/user/website_stock/portfolio2f0b.html]
[themeforest.net/user/website_stock/portfolio2679.html]
[themeforest.net/user/website_stock/portfolio9615.html]
[themeforest.net/user/modinatheme/portfolio5ac3.html]
[themeforest.net/user/modinatheme/portfolioce56.html]
[themeforest.net/user/modinatheme/portfolioaef2.html]
[themeforest.net/user/modinatheme/portfolio2679.html]
[themeforest.net/user/themedevo/portfolio2b15.html]
[themeforest.net/user/themedevo/portfolio5db0.html]
[themeforest.net/user/s7games/followers.html]
[themeforest.net/user/s7games/following.html]
[themeforest.net/user/modinatheme/portfolio9615.html]
[themeforest.net/user/dev3technologies/followers.html]
[themeforest.net/user/dev3technologies/following.html]
[themeforest.net/user/dev3technologies/collections.html]
[themeforest.net/user/timotheomsewa.html]
[themeforest.net/user/showstealer.html]
[themeforest.net/user/bablukpik.html]
[themeforest.net/user/hanwayprojects.html]
[themeforest.net/user/jihanmeng.html]
[themeforest.net/user/ahmedwaleedofficial.html]
[themeforest.net/user/gump423.html]
[themeforest.net/user/dev3technologies.html]
[themeforest.net/user/rajatdevkumar.html]
[themeforest.net/user/im7mmad/followers.html]
[themeforest.net/user/im7mmad.html]
[themeforest.net/user/maxheadspace1.html]
[themeforest.net/user/creativestudio4253.html]
[themeforest.net/user/rolligator.html]
[themeforest.net/user/mindwaredev/followers.html]
[themeforest.net/user/mindwaredev/following.html]
[themeforest.net/user/greenzebraproduction/followers.html]
[themeforest.net/user/greenzebraproduction/following.html]
[themeforest.net/user/GreenZebraProduction/collections.html]
[themeforest.net/user/mdmamuzic.html]
[themeforest.net/user/tisden641.html]
[themeforest.net/user/impressedev.html]
[themeforest.net/user/im7mmad/following.html]
[themeforest.net/user/brokoola/followers.html]
[themeforest.net/user/brokoola/following.html]
[themeforest.net/user/Brokoola/collections.html]
[themeforest.net/user/dagored.html]
[themeforest.net/user/ohaika.html]
[themeforest.net/user/mediartsounds.html]
[themeforest.net/user/artemise8988.html]
[themeforest.net/user/audiocoffee.html]
[themeforest.net/user/brokoola.html]
[themeforest.net/user/sarmin258.html]
[themeforest.net/user/greentuned.html]
[themeforest.net/user/wrdoyan/followers.html]
[themeforest.net/user/wrdoyan/following.html]
[themeforest.net/user/yulianto78.html]
[themeforest.net/user/dzon3042.html]
[themeforest.net/user/mariaporrasmaki.html]
[themeforest.net/user/charlie-2021.html]
[themeforest.net/user/allengayayan.html]
[themeforest.net/user/wrdoyan.html]
[themeforest.net/user/crypticxguardian.html]
[themeforest.net/user/regaldraw/followers.html]
[themeforest.net/user/regaldraw/following.html]
[themeforest.net/user/RegalDRAW/collections.html]
[themeforest.net/user/mikeflores123.html]
[themeforest.net/user/hvahe7622.html]
[themeforest.net/user/m7mdnas/followers.html]
[themeforest.net/user/m7mdnas/following.html]
[themeforest.net/user/zivaan_solutions.html]
[themeforest.net/user/amirkoshkian.html]
[themeforest.net/user/bozsoftware.html]
[themeforest.net/user/m7mdnas.html]
[themeforest.net/user/ennestudio.html]
[themeforest.net/user/mejikuco.html]
[themeforest.net/user/nomadicxxl/followers.html]
[themeforest.net/user/nomadicxxl/following.html]
[themeforest.net/user/Nomadicxxl/collections.html]
[themeforest.net/user/rehouhima.html]
[themeforest.net/user/buyfullcode.html]
[themeforest.net/user/khanmirage/followers.html]
[themeforest.net/user/khanmirage/following.html]
[themeforest.net/user/visual_vibes.html]
[themeforest.net/user/khanmirage.html]
[themeforest.net/user/dofaco.html]
[themeforest.net/user/nizar-ben-fadhel.html]
[themeforest.net/user/don-vfx.html]
[themeforest.net/user/sequencesmusic.html]
[themeforest.net/user/colourfulsounds/followers.html]
[themeforest.net/user/colourfulsounds/following.html]
[themeforest.net/user/ColourfulSounds/collections.html]
[themeforest.net/user/isacgabriel.html]
[themeforest.net/user/sblueitt.html]
[themeforest.net/user/strawberryvtubing.html]
[themeforest.net/user/mflfmusic.html]
[themeforest.net/user/timsound.html]
[themeforest.net/user/colourfulsounds.html]
[themeforest.net/user/slk_beats.html]
[themeforest.net/user/swisstheme/followers.html]
[themeforest.net/user/swisstheme/following.html]
[themeforest.net/user/raimonds-k.html]
[themeforest.net/user/nairumashankar.html]
[themeforest.net/user/pedrobulgarao/followers.html]
[themeforest.net/user/pedrobulgarao/following.html]
[themeforest.net/user/robusttheme.html]
[themeforest.net/user/pedrobulgarao.html]
[themeforest.net/user/allredington.html]
[themeforest.net/user/stereum/followers.html]
[themeforest.net/user/stereum/following.html]
[themeforest.net/user/stereum.html]
[themeforest.net/user/shadowvgk.html]
[themeforest.net/user/bensoundsproduction.html]
[themeforest.net/user/STEREUM/collections.html]
[themeforest.net/user/caermusic/followers.html]
[themeforest.net/user/caermusic/following.html]
[themeforest.net/user/CaerMusic/collections.html]
[themeforest.net/user/lucifugum90.html]
[themeforest.net/user/ctb3.html]
[themeforest.net/user/caermusic.html]
[themeforest.net/user/dn_design/followers.html]
[themeforest.net/user/dn_design/following.html]
[themeforest.net/user/caerproduction.html]
[themeforest.net/user/cat_in_glasses/followers.html]
[themeforest.net/user/cat_in_glasses/following.html]
[themeforest.net/user/Cat_in_glasses/collections.html]
[themeforest.net/user/audiotactix.html]
[themeforest.net/user/cat_in_glasses.html]
[themeforest.net/user/central800.html]
[themeforest.net/user/andreabalzani/followers.html]
[themeforest.net/user/andreabalzani.html]
[themeforest.net/user/andreabalzani/following.html]
[themeforest.net/user/emyou/followers.html]
[themeforest.net/user/emyou/following.html]
[themeforest.net/user/vanoise.html]
[themeforest.net/user/dinusham.html]
[themeforest.net/user/emyou.html]
[themeforest.net/user/urbanarchive.html]
[themeforest.net/user/sohn/followers.html]
[themeforest.net/user/sohn/following.html]
[themeforest.net/user/SOHN/collections.html]
[themeforest.net/user/elegancedigital.html]
[themeforest.net/user/press_heart.html]
[themeforest.net/user/sohn.html]
[themeforest.net/user/aeipix.html]
[themeforest.net/user/koala-dev.html]
[themeforest.net/user/moosbeat/followers.html]
[themeforest.net/user/moosbeat/following.html]
[themeforest.net/user/MoosBeat/collections.html]
[themeforest.net/user/kylin-7.html]
[themeforest.net/user/moosbeat.html]
[themeforest.net/user/envatohelper.html]
[themeforest.net/user/shansakku.html]
[themeforest.net/user/theravenfilms.html]
[themeforest.net/user/creatorium_sound_design/followers.html]
[themeforest.net/user/creatorium_sound_design/following.html]
[themeforest.net/user/buddy_animations.html]
[themeforest.net/user/creatorium_sound_design.html]
[themeforest.net/user/audiook.html]
[themeforest.net/user/ddsl_creations/followers.html]
[themeforest.net/user/ddsl_creations/following.html]
[themeforest.net/user/rshgraphics75.html]
[themeforest.net/user/sitho1.html]
[themeforest.net/user/simonleng/followers.html]
[themeforest.net/user/simonleng/following.html]
[themeforest.net/user/simonleng/collections.html]
[themeforest.net/user/imsoneelf0913.html]
[themeforest.net/user/simonleng.html]
[themeforest.net/user/keyframe_audio.html]
[themeforest.net/user/aovsound/followers.html]
[themeforest.net/user/aovsound/following.html]
[themeforest.net/user/aovsound/collections.html]
[themeforest.net/user/racoonvibes.html]
[themeforest.net/user/aovsound.html]
[themeforest.net/user/wander1970.html]
[themeforest.net/user/introversemedia/followers.html]
[themeforest.net/user/introversemedia/following.html]
[themeforest.net/user/IntroverseMedia/collections.html]
[themeforest.net/user/avoins.html]
[themeforest.net/user/svitlomotion/followers.html]
[themeforest.net/user/svitlomotion/following.html]
[themeforest.net/user/audiobigcat.html]
[themeforest.net/user/svitlomotion.html]
[themeforest.net/user/motion_dimitro.html]
[themeforest.net/user/nilpatel01/portfolio.html]
[themeforest.net/user/nilpatel01/followers.html]
[themeforest.net/user/nilpatel01/following.html]
[themeforest.net/user/nilpatel01.html]
[themeforest.net/user/vdymusic.html]
[themeforest.net/user/vincemcgill/followers.html]
[themeforest.net/user/vincemcgill/following.html]
[themeforest.net/user/VinceMcGill/collections.html]
[themeforest.net/user/vincemcgill.html]
[themeforest.net/user/tiggimusic.html]
[themeforest.net/user/dosana/followers.html]
[themeforest.net/user/dosana/following.html]
[themeforest.net/user/Dosana/collections.html]
[themeforest.net/user/laormedia1.html]
[themeforest.net/user/vlesarthi.html]
[themeforest.net/user/ibrahimadegoke26.html]
[themeforest.net/user/exeandino.html]
[themeforest.net/user/aabayomi.html]
[themeforest.net/user/sagehamisi.html]
[themeforest.net/user/moamen-mohamed.html]
[themeforest.net/user/polyxgo.html]
[themeforest.net/user/genietheme.html]
[themeforest.net/user/dosana.html]
[themeforest.net/user/signalprime.html]
[themeforest.net/user/codemusic/followers.html]
[themeforest.net/user/codemusic/following.html]
[themeforest.net/user/codemusic.html]
[themeforest.net/user/codemusic/collections.html]
[themeforest.net/user/alexunderthesky/followers.html]
[themeforest.net/user/alexunderthesky/following.html]
[themeforest.net/user/AlexUnderTheSky/collections.html]
[themeforest.net/user/wazo1.html]
[themeforest.net/user/soffit.html]
[themeforest.net/user/bohamza.html]
[themeforest.net/user/huangzhuonan000.html]
[themeforest.net/user/alexunderthesky.html]
[themeforest.net/user/anormusic.html]
[themeforest.net/user/audio_tree/followers.html]
[themeforest.net/user/audio_tree/following.html]
[themeforest.net/user/audio_tree/collections.html]
[themeforest.net/user/monicafashionmedia.html]
[themeforest.net/user/audio_tree.html]
[themeforest.net/user/eagleeyecreative.html]
[themeforest.net/user/carloschagasaudiocomposer/followers.html]
[themeforest.net/user/carloschagasaudiocomposer/following.html]
[themeforest.net/user/CarlosChagasAudioComposer/collections.html]
[themeforest.net/user/jenntriggs.html]
[themeforest.net/user/carloschagasaudiocomposer.html]
[themeforest.net/user/dimvit/followers.html]
[themeforest.net/user/dimvit/following.html]
[themeforest.net/user/waltersilvapro.html]
[themeforest.net/user/gregorywebb/followers.html]
[themeforest.net/user/gregorywebb/following.html]
[themeforest.net/user/GregoryWebb/collections.html]
[themeforest.net/user/gregorywebb.html]
[themeforest.net/user/gadzzon.html]
[themeforest.net/user/roaringlionmusic/followers.html]
[themeforest.net/user/roaringlionmusic/following.html]
[themeforest.net/user/RoaringLionMusic/collections.html]
[themeforest.net/user/vortex_animax.html]
[themeforest.net/user/megagames36.html]
[themeforest.net/user/roaringlionmusic.html]
[themeforest.net/user/shikkon/followers.html]
[themeforest.net/user/shikkon/following.html]
[themeforest.net/user/SHIKKON/collections.html]
[themeforest.net/user/graphiculon.html]
[themeforest.net/user/rahman87raj.html]
[themeforest.net/user/johnscofield/followers.html]
[themeforest.net/user/johnscofield/following.html]
[themeforest.net/user/johnscofield/collections.html]
[themeforest.net/user/gyuristudio.html]
[themeforest.net/user/mrpixellab/followers.html]
[themeforest.net/user/mrpixellab/following.html]
[themeforest.net/user/saharastudio3767.html]
[themeforest.net/user/mourshidalam652.html]
[themeforest.net/user/pedrojmestres.html]
[themeforest.net/user/anpop.html]
[themeforest.net/user/ngiring_bingah.html]
[themeforest.net/user/rahiddesigner.html]
[themeforest.net/user/cropstudio94.html]
[themeforest.net/user/mrpixellab.html]
[themeforest.net/user/graphicdeal.html]
[themeforest.net/user/whiteslicermusic/followers.html]
[themeforest.net/user/whiteslicermusic/following.html]
[themeforest.net/user/WhiteSlicerMusic/collections.html]
[themeforest.net/user/taylorsoundscapes.html]
[themeforest.net/user/overmusic.html]
[themeforest.net/user/vesh_studio.html]
[themeforest.net/user/whiteslicermusic.html]
[themeforest.net/user/beloveproduction.html]
[themeforest.net/user/floano_music/followers.html]
[themeforest.net/user/floano_music/following.html]
[themeforest.net/user/Floano_Music/collections.html]
[themeforest.net/user/tertandaindonesia.html]
[themeforest.net/user/aneeqgfx.html]
[themeforest.net/user/richardjecooke.html]
[themeforest.net/user/centralperkproduction/followers.html]
[themeforest.net/user/centralperkproduction/following.html]
[themeforest.net/user/CentralPerkProduction/collections.html]
[themeforest.net/user/valentino98.html]
[themeforest.net/user/koji_miura.html]
[themeforest.net/user/dramatic_drums.html]
[themeforest.net/user/centralperkproduction.html]
[themeforest.net/user/scoring-studio.html]
[themeforest.net/user/viktorgjokaj/followers.html]
[themeforest.net/user/viktorgjokaj/following.html]
[themeforest.net/user/ViktorGjokaj/collections.html]
[themeforest.net/user/designsbyreja.html]
[themeforest.net/user/lutshub.html]
[themeforest.net/user/studioproject/followers.html]
[themeforest.net/user/studioproject/following.html]
[themeforest.net/user/StudioProject/collections.html]
[themeforest.net/user/henrich407.html]
[themeforest.net/user/mramericandragon.html]
[themeforest.net/user/daydreammedia.html]
[themeforest.net/user/airda.html]
[themeforest.net/user/terrasseproduction.html]
[themeforest.net/user/vfimusic/followers.html]
[themeforest.net/user/vfimusic/following.html]
[themeforest.net/user/VFImusic/collections.html]
[themeforest.net/user/vfimusic.html]
[themeforest.net/user/kefermusic.html]
[themeforest.net/user/hardprosound/followers.html]
[themeforest.net/user/hardprosound/following.html]
[themeforest.net/user/HardProSound/collections.html]
[themeforest.net/user/lalodelacerda.html]
[themeforest.net/user/demianaditya.html]
[themeforest.net/user/hardprosound.html]
[themeforest.net/user/hoielementortemplatekit/followers.html]
[themeforest.net/user/hoielementortemplatekit/following.html]
[themeforest.net/user/prismowp.html]
[themeforest.net/user/24hussaini.html]
[themeforest.net/user/talebasmat.html]
[themeforest.net/user/ferya290.html]
[themeforest.net/user/hasanrxmdronykhanjoy818.html]
[themeforest.net/user/creative7eye/followers.html]
[themeforest.net/user/creative7eye/following.html]
[themeforest.net/user/animedias.html]
[themeforest.net/user/gmstock.html]
[themeforest.net/user/chekarino/followers.html]
[themeforest.net/user/chekarino/following.html]
[themeforest.net/user/ecce123.html]
[themeforest.net/user/opeoluwapappy.html]
[themeforest.net/user/alexbecker18.html]
[themeforest.net/user/garg81.html]
[themeforest.net/user/chekarino.html]
[themeforest.net/user/italoohsouza/followers.html]
[themeforest.net/user/italoohsouza/following.html]
[themeforest.net/user/italoohsouza/collections.html]
[themeforest.net/user/artnivora_std.html]
[themeforest.net/user/windyzc.html]
[themeforest.net/user/sayed-aref/followers.html]
[themeforest.net/user/sayed-aref/following.html]
[themeforest.net/user/Sayed-Aref/collections.html]
[themeforest.net/user/sayed-aref.html]
[themeforest.net/user/acoustic_man/followers.html]
[themeforest.net/user/acoustic_man/following.html]
[themeforest.net/user/acoustic_man/collections.html]
[themeforest.net/user/freshrhythms.html]
[themeforest.net/user/kreatifreya/followers.html]
[themeforest.net/user/kreatifreya/following.html]
[themeforest.net/user/kreatifreya/collections.html]
[themeforest.net/user/shaffastudio.html]
[themeforest.net/user/mynameisfyjybv.html]
[themeforest.net/user/safrizal4520.html]
[themeforest.net/user/kreatifreya.html]
[themeforest.net/user/vicky_klair/followers.html]
[themeforest.net/user/vicky_klair/following.html]
[themeforest.net/user/didehdduf12.html]
[themeforest.net/user/minerva1988/followers.html]
[themeforest.net/user/minerva1988/following.html]
[themeforest.net/user/minerva1988/collections.html]
[themeforest.net/user/minerva1988.html]
[themeforest.net/user/sohelrahat72724.html]
[themeforest.net/user/trickcoding8.html]
[themeforest.net/user/nteebaabdul.html]
[themeforest.net/user/irfanmahvbt/followers.html]
[themeforest.net/user/irfanmahvbt/following.html]
[themeforest.net/user/ihaksi.html]
[themeforest.net/user/riverpixels_studio/followers.html]
[themeforest.net/user/riverpixels_studio/following.html]
[themeforest.net/user/riverpixels_studio/collections.html]
[themeforest.net/user/step713.html]
[themeforest.net/user/cherce.html]
[themeforest.net/user/mrzhidayat.html]
[themeforest.net/user/riverpixels_studio.html]
[themeforest.net/user/sixbitslea.html]
[themeforest.net/user/batogjokaj/followers.html]
[themeforest.net/user/batogjokaj/following.html]
[themeforest.net/user/BatoGjokaj/collections.html]
[themeforest.net/user/graphicspond.html]
[themeforest.net/user/capeaudio.html]
[themeforest.net/user/dhruvpatel_.html]
[themeforest.net/user/batogjokaj.html]
[themeforest.net/user/technodrive.html]
[themeforest.net/user/3d_model_tifotizi/followers.html]
[themeforest.net/user/3d_model_tifotizi/following.html]
[themeforest.net/user/3d_model_tifotizi/collections.html]
[themeforest.net/user/arahmatmn.html]
[themeforest.net/user/creative_i_official.html]
[themeforest.net/user/3d_model_tifotizi.html]
[themeforest.net/user/apggames99/followers.html]
[themeforest.net/user/apggames99/following.html]
[themeforest.net/user/apggames99/collections.html]
[themeforest.net/user/hooragames.html]
[themeforest.net/user/dong5966.html]
[themeforest.net/user/flipas.html]
[themeforest.net/user/labet_development/followers.html]
[themeforest.net/user/labet_development/following.html]
[themeforest.net/user/mahmood_dabestani.html]
[themeforest.net/user/mohamedkila.html]
[themeforest.net/user/duckmetr.html]
[themeforest.net/user/labet_development.html]
[themeforest.net/user/zawaddevs.html]
[themeforest.net/user/wasswawilson0002.html]
[themeforest.net/user/winlink7.html]
[themeforest.net/user/wexisstudios/followers.html]
[themeforest.net/user/wexisstudios/following.html]
[themeforest.net/user/wexisstudios.html]
[themeforest.net/user/dkuzmina.html]
[themeforest.net/user/verifybot.html]
[themeforest.net/user/codesmashars/followers.html]
[themeforest.net/user/codesmashars/following.html]
[themeforest.net/user/skanderh.html]
[themeforest.net/user/khadijawaseem653.html]
[themeforest.net/user/codesmashars.html]
[themeforest.net/user/carlosdecunha.html]
[themeforest.net/user/gamebitdev/followers.html]
[themeforest.net/user/gamebitdev/following.html]
[themeforest.net/user/johnazuka.html]
[themeforest.net/user/abdulrasheedusman753.html]
[themeforest.net/user/gamestony.html]
[themeforest.net/user/alcobendasdavidsmr.html]
[themeforest.net/user/positive-tunes.html]
[themeforest.net/user/gamebitdev.html]
[themeforest.net/user/tunes4you/followers.html]
[themeforest.net/user/tunes4you/following.html]
[themeforest.net/user/Tunes4You/collections.html]
[themeforest.net/user/fher.html]
[themeforest.net/user/brotheralameen.html]
[themeforest.net/user/vido2022.html]
[themeforest.net/user/adsbusiness_music/followers.html]
[themeforest.net/user/adsbusiness_music/following.html]
[themeforest.net/user/adsbusiness_music.html]
[themeforest.net/user/AdsBusiness_Music/collections.html]
[themeforest.net/user/wavewatcher/followers.html]
[themeforest.net/user/wavewatcher/following.html]
[themeforest.net/user/wavewatcher/collections.html]
[themeforest.net/user/rodron.html]
[themeforest.net/user/jamesa151.html]
[themeforest.net/user/wavewatcher.html]
[themeforest.net/user/mezzala_studio.html]
[themeforest.net/user/daramusic.html]
[themeforest.net/user/kolokol/followers.html]
[themeforest.net/user/kolokol/following.html]
[themeforest.net/user/Kolokol/collections.html]
[themeforest.net/user/stylishproject.html]
[themeforest.net/user/u-touchdesign.html]
[themeforest.net/user/zmsounds/followers.html]
[themeforest.net/user/zmsounds/following.html]
[themeforest.net/user/ZMSOUNDS/collections.html]
[themeforest.net/user/laigle.html]
[themeforest.net/user/m3m.html]
[themeforest.net/user/telurstudioid.html]
[themeforest.net/user/zmsounds.html]
[themeforest.net/user/bobkosh.html]
[themeforest.net/user/poppunker/followers.html]
[themeforest.net/user/poppunker/following.html]
[themeforest.net/user/likealion1995.html]
[themeforest.net/user/kingandqueen.html]
[themeforest.net/user/evowork.html]
[themeforest.net/user/delgaudiographics.html]
[themeforest.net/user/jbobstudio.html]
[themeforest.net/user/mozafarimanesh.html]
[themeforest.net/user/poppunker.html]
[themeforest.net/user/dorisjs.html]
[themeforest.net/user/vihlyancev_ev.html]
[themeforest.net/user/breakzstudios/followers.html]
[themeforest.net/user/breakzstudios/following.html]
[themeforest.net/user/BreakzStudios/collections.html]
[themeforest.net/user/atwarye.html]
[themeforest.net/user/zsoltmarta.html]
[themeforest.net/user/breakzstudios.html]
[themeforest.net/user/moodalkhayat.html]
[themeforest.net/user/bayubreakz.html]
[themeforest.net/user/tizlaudio/followers.html]
[themeforest.net/user/tizlaudio/following.html]
[themeforest.net/user/TizlAudio/collections.html]
[themeforest.net/user/wmxmv8.html]
[themeforest.net/user/soundeleon.html]
[themeforest.net/user/tizlaudio.html]
[themeforest.net/user/drdigital_vibes/followers.html]
[themeforest.net/user/drdigital_vibes/following.html]
[themeforest.net/user/bellcicijotuvera.html]
[themeforest.net/user/launzanev.html]
[themeforest.net/user/rolstudio/followers.html]
[themeforest.net/user/rolstudio/following.html]
[themeforest.net/user/RolStudio/collections.html]
[themeforest.net/user/rolstudio.html]
[themeforest.net/user/olexa.html]
[themeforest.net/user/serhar.html]
[themeforest.net/user/aspenmusic/followers.html]
[themeforest.net/user/aspenmusic/following.html]
[themeforest.net/user/dezmand91.html]
[themeforest.net/user/iscstudioofficial/followers.html]
[themeforest.net/user/iscstudioofficial/following.html]
[themeforest.net/user/iscstudioofficial.html]
[themeforest.net/user/iscstudioofficial/collections.html]
[themeforest.net/user/hexagonaudio/followers.html]
[themeforest.net/user/hexagonaudio/following.html]
[themeforest.net/user/HexagonAudio/collections.html]
[themeforest.net/user/newearthentertainment.html]
[themeforest.net/user/paulaverdum40.html]
[themeforest.net/user/svnsch1973.html]
[themeforest.net/user/hexagonaudio.html]
[themeforest.net/user/perssonian.html]
[themeforest.net/user/miferesh/followers.html]
[themeforest.net/user/miferesh/following.html]
[themeforest.net/user/MifeResh/collections.html]
[themeforest.net/user/udivi.html]
[themeforest.net/user/whitekoalamusic.html]
[themeforest.net/user/hypersoda.html]
[themeforest.net/user/codemusicx.html]
[themeforest.net/user/sergeynov.html]
[themeforest.net/user/miferesh.html]
[themeforest.net/user/amardeep/followers.html]
[themeforest.net/user/amardeep/following.html]
[themeforest.net/user/studiomazia.html]
[themeforest.net/user/dewaalfariz11.html]
[themeforest.net/user/antonprast14.html]
[themeforest.net/user/lilfam.html]
[themeforest.net/user/povpau/followers.html]
[themeforest.net/user/povpau/following.html]
[themeforest.net/user/povpau/collections.html]
[themeforest.net/user/suryvam.html]
[themeforest.net/user/the-epic-boy-music.html]
[themeforest.net/user/povpau.html]
[themeforest.net/user/motionsunday/followers.html]
[themeforest.net/user/motionsunday/following.html]
[themeforest.net/user/bensonchiang.html]
[themeforest.net/user/saifulhasan/followers.html]
[themeforest.net/user/saifulhasan/following.html]
[themeforest.net/user/SaifulHasan/collections.html]
[themeforest.net/user/saifulhasan.html]
[themeforest.net/user/ahammedgogrow.html]
[themeforest.net/user/glasnade.html]
[themeforest.net/user/mdwfaridul.html]
[themeforest.net/user/phantomatic.html]
[themeforest.net/user/omarcreation/followers.html]
[themeforest.net/user/omarcreation/following.html]
[themeforest.net/user/mh3d.html]
[themeforest.net/user/coupesito.html]
[themeforest.net/user/omarcreation.html]
[themeforest.net/user/simple_project_ae.html]
[themeforest.net/user/taspiaahmmed.html]
[themeforest.net/user/csmsf.html]
[themeforest.net/user/abdulrahman_hariri.html]
[themeforest.net/user/bjarfx/followers.html]
[themeforest.net/user/bjarfx/following.html]
[themeforest.net/user/vasyltudor.html]
[themeforest.net/user/nacremfx.html]
[themeforest.net/user/bjarfx.html]
[themeforest.net/user/felixmarkus1938/followers.html]
[themeforest.net/user/felixmarkus1938/following.html]
[themeforest.net/user/felixmarkus1938/collections.html]
[themeforest.net/user/marj60167.html]
[themeforest.net/user/rjkumar1976.html]
[themeforest.net/user/fernandommro.html]
[themeforest.net/user/andyslatter/followers.html]
[themeforest.net/user/andyslatter/following.html]
[themeforest.net/user/AndySlatter/collections.html]
[themeforest.net/user/alexonroad.html]
[themeforest.net/user/artsguitars.html]
[themeforest.net/user/philmooresr1971.html]
[themeforest.net/user/andyslatter.html]
[themeforest.net/user/ilyassaputracreator.html]
[themeforest.net/user/vivavisual/followers.html]
[themeforest.net/user/vivavisual/following.html]
[themeforest.net/user/vivavisual/collections.html]
[themeforest.net/user/rautavi66.html]
[themeforest.net/user/neecly2014.html]
[themeforest.net/user/grbicdanilo/followers.html]
[themeforest.net/user/grbicdanilo/following.html]
[themeforest.net/user/grbicdanilo/collections.html]
[themeforest.net/user/andrepianoart.html]
[themeforest.net/user/olga_airumian_sound_therapist.html]
[themeforest.net/user/rawaudiolab.html]
[themeforest.net/user/grbicdanilo.html]
[themeforest.net/user/website_stock/portfolioce56.html]
[themeforest.net/user/website_stock/portfolio9615.html]
[themeforest.net/user/modinatheme/portfolioce56.html]
[themeforest.net/user/modinatheme/portfolio9615.html]
[themeforest.net/user/dev3technologies/followers.html]
[themeforest.net/user/dev3technologies/following.html]
[themeforest.net/user/dev3technologies/collections.html]
[themeforest.net/user/timotheomsewa.html]
[themeforest.net/user/showstealer.html]
[themeforest.net/user/bablukpik.html]
[themeforest.net/user/hanwayprojects.html]
[themeforest.net/user/jihanmeng.html]
[themeforest.net/user/ahmedwaleedofficial.html]
[themeforest.net/user/gump423.html]
[themeforest.net/user/rajatdevkumar.html]
[themeforest.net/user/im7mmad/followers.html]
[themeforest.net/user/im7mmad/following.html]
[themeforest.net/user/brokoola/followers.html]
[themeforest.net/user/brokoola/following.html]
[themeforest.net/user/Brokoola/collections.html]
[themeforest.net/user/style_life.html]
[themeforest.net/user/dagored/followers.html]
[themeforest.net/user/dagored/following.html]
[themeforest.net/user/legotyres.html]
[themeforest.net/user/comboproduction.html]
[themeforest.net/user/drjnicolesimpson.html]
[themeforest.net/user/pulmane.html]
[themeforest.net/user/jaz39.html]
[themeforest.net/user/dagored.html]
[themeforest.net/user/ohaika.html]
[themeforest.net/user/alvinhoyoung2020.html]
[themeforest.net/user/mediartsounds/followers.html]
[themeforest.net/user/mediartsounds/following.html]
[themeforest.net/user/mediartsounds/collections.html]
[themeforest.net/user/nearsound.html]
[themeforest.net/user/nimlos.html]
[themeforest.net/user/jdproduction.html]
[themeforest.net/user/palmproductions.html]
[themeforest.net/user/nicleics.html]
[themeforest.net/user/echo-lab.html]
[themeforest.net/user/anthuanvasquez.html]
[themeforest.net/user/freesound.html]
[themeforest.net/user/mediartsounds.html]
[themeforest.net/user/artemise8988.html]
[themeforest.net/user/pontimaxi.html]
[themeforest.net/user/audiocoffee/followers.html]
[themeforest.net/user/audiocoffee/following.html]
[themeforest.net/user/AudioCoffee/collections.html]
[themeforest.net/user/ekekkasit.html]
[themeforest.net/user/ortizann23.html]
[themeforest.net/user/audiocoffee.html]
[themeforest.net/user/greentuned.html]
[themeforest.net/user/wrdoyan/followers.html]
[themeforest.net/user/wrdoyan/following.html]
[themeforest.net/user/yulianto78.html]
[themeforest.net/user/dzon3042.html]
[themeforest.net/user/mariaporrasmaki.html]
[themeforest.net/user/soulshelterrecordings.html]
[themeforest.net/user/charlie-2021/followers.html]
[themeforest.net/user/charlie-2021/following.html]
[themeforest.net/user/charlie-2021.html]
[themeforest.net/user/allengayayan.html]
[themeforest.net/user/hvahe7622.html]
[themeforest.net/user/m7mdnas/followers.html]
[themeforest.net/user/m7mdnas/following.html]
[themeforest.net/user/zoom_vfx.html]
[themeforest.net/user/zivaan_solutions/followers.html]
[themeforest.net/user/zivaan_solutions/following.html]
[themeforest.net/user/goobyeditutu.html]
[themeforest.net/user/cronysa.html]
[themeforest.net/user/lmuno.html]
[themeforest.net/user/rsspecs.html]
[themeforest.net/user/heritierndukate.html]
[themeforest.net/user/yasirch8251.html]
[themeforest.net/user/millan444.html]
[themeforest.net/user/guarenchetuma.html]
[themeforest.net/user/hyksosprod.html]
[themeforest.net/user/kh009.html]
[themeforest.net/user/zivaan_solutions.html]
[themeforest.net/user/amirkoshkian.html]
[themeforest.net/user/srividyazivaan.html]
[themeforest.net/user/bozsoftware/followers.html]
[themeforest.net/user/bozsoftware/following.html]
[themeforest.net/user/olaniyialuko70.html]
[themeforest.net/user/jobcanadacom1.html]
[themeforest.net/user/visionclasse.html]
[themeforest.net/user/michealcowell6.html]
[themeforest.net/user/leif0531.html]
[themeforest.net/user/jas-design.html]
[themeforest.net/user/d56238239.html]
[themeforest.net/user/bozsoftware.html]
[themeforest.net/user/ting2day8.html]
[themeforest.net/user/buyfullcode/followers.html]
[themeforest.net/user/buyfullcode/following.html]
[themeforest.net/user/bencherif.html]
[themeforest.net/user/madou213.html]
[themeforest.net/user/partikusidesign.html]
[themeforest.net/user/maya055.html]
[themeforest.net/user/buyfullcode.html]
[themeforest.net/user/khanmirage/followers.html]
[themeforest.net/user/khanmirage/following.html]
[themeforest.net/user/essasymphony.html]
[themeforest.net/user/visual_vibes/followers.html]
[themeforest.net/user/visual_vibes/following.html]
[themeforest.net/user/Visual_Vibes/collections.html]
[themeforest.net/user/nahar3d.html]
[themeforest.net/user/visual_vibes.html]
[themeforest.net/user/nasser_shibani.html]
[themeforest.net/user/sequencesmusic/followers.html]
[themeforest.net/user/sequencesmusic/following.html]
[themeforest.net/user/SequencesMusic/collections.html]
[themeforest.net/user/sequencesmusic.html]
[themeforest.net/user/colourfulsounds/followers.html]
[themeforest.net/user/colourfulsounds/following.html]
[themeforest.net/user/ColourfulSounds/collections.html]
[themeforest.net/user/pavel_tao.html]
[themeforest.net/user/isacgabriel/followers.html]
[themeforest.net/user/isacgabriel/following.html]
[themeforest.net/user/isacgabriel/collections.html]
[themeforest.net/user/jarotype.html]
[themeforest.net/user/isacgabriel.html]
[themeforest.net/user/sblueitt.html]
[themeforest.net/user/strawberryvtubing.html]
[themeforest.net/user/mflfmusic.html]
[themeforest.net/user/timsound.html]
[themeforest.net/user/nairumashankar.html]
[themeforest.net/user/pedrobulgarao/followers.html]
[themeforest.net/user/pedrobulgarao/following.html]
[themeforest.net/user/thawhtooin.html]
[themeforest.net/user/robusttheme/portfolio.html]
[themeforest.net/user/robusttheme/followers.html]
[themeforest.net/user/robusttheme/following.html]
[themeforest.net/user/softcrafty.html]
[themeforest.net/user/jacksonmovers.html]
[themeforest.net/user/innovativestation.html]
[themeforest.net/user/elsnertechnologies.html]
[themeforest.net/user/designexpose.html]
[themeforest.net/user/iamrobiulislam.html]
[themeforest.net/user/sheikhashadul.html]
[themeforest.net/user/rambaranbiz.html]
[themeforest.net/user/webbmasda.html]
[themeforest.net/user/saptheme.html]
[themeforest.net/user/robusttheme.html]
[themeforest.net/user/smartsoftsolutions.html]
[themeforest.net/user/allredington/followers.html]
[themeforest.net/user/allredington.html]
[themeforest.net/user/stereum/followers.html]
[themeforest.net/user/stereum/following.html]
[themeforest.net/user/STEREUM/collections.html]
[themeforest.net/user/caermusic/followers.html]
[themeforest.net/user/caermusic/following.html]
[themeforest.net/user/CaerMusic/collections.html]
[themeforest.net/user/allredington/following.html]
[themeforest.net/user/lucifugum90/followers.html]
[themeforest.net/user/lucifugum90/following.html]
[themeforest.net/user/uthe13.html]
[themeforest.net/user/ngproduction.html]
[themeforest.net/user/audiosteyl.html]
[themeforest.net/user/lavoiefilms.html]
[themeforest.net/user/uzzal420.html]
[themeforest.net/user/lucifugum90.html]
[themeforest.net/user/ctb3.html]
[themeforest.net/user/letempleduson_disabled.html]
[themeforest.net/user/caerproduction/followers.html]
[themeforest.net/user/caerproduction.html]
[themeforest.net/user/cat_in_glasses/followers.html]
[themeforest.net/user/cat_in_glasses/following.html]
[themeforest.net/user/Cat_in_glasses/collections.html]
[themeforest.net/user/audiotactix.html]
[themeforest.net/user/caerproduction/following.html]
[themeforest.net/user/central800/followers.html]
[themeforest.net/user/central800/following.html]
[themeforest.net/user/ahrajabi82.html]
[themeforest.net/user/central800.html]
[themeforest.net/user/andreabalzani/followers.html]
[themeforest.net/user/andreabalzani/following.html]
[themeforest.net/user/emyou/followers.html]
[themeforest.net/user/emyou/following.html]
[themeforest.net/user/centralj80.html]
[themeforest.net/user/vanoise/followers.html]
[themeforest.net/user/vanoise/following.html]
[themeforest.net/user/VAnoise/collections.html]
[themeforest.net/user/sonicastral.html]
[themeforest.net/user/vanoise.html]
[themeforest.net/user/marykold.html]
[themeforest.net/user/dinusham/followers.html]
[themeforest.net/user/dinusham/following.html]
[themeforest.net/user/dinusham.html]
[themeforest.net/user/urbanarchive.html]
[themeforest.net/user/sohn/followers.html]
[themeforest.net/user/sohn/following.html]
[themeforest.net/user/SOHN/collections.html]
[themeforest.net/user/haengelik_deville.html]
[themeforest.net/user/elegancedigital/followers.html]
[themeforest.net/user/elegancedigital.html]
[themeforest.net/user/press_heart.html]
[themeforest.net/user/koala-dev.html]
[themeforest.net/user/moosbeat/followers.html]
[themeforest.net/user/moosbeat/following.html]
[themeforest.net/user/MoosBeat/collections.html]
[themeforest.net/user/kylin-7.html]
[themeforest.net/user/theravenfilms.html]
[themeforest.net/user/creatorium_sound_design/followers.html]
[themeforest.net/user/creatorium_sound_design/following.html]
[themeforest.net/user/elegancedigital/following.html]
[themeforest.net/user/buddy_animations/followers.html]
[themeforest.net/user/buddy_animations/following.html]
[themeforest.net/user/viktorkayiranga.html]
[themeforest.net/user/bf6nn8zfnp.html]
[themeforest.net/user/brandyrachelevo.html]
[themeforest.net/user/buddy_animations.html]
[themeforest.net/user/sitho1.html]
[themeforest.net/user/simonleng/followers.html]
[themeforest.net/user/simonleng/following.html]
[themeforest.net/user/simonleng/collections.html]
[themeforest.net/user/imsoneelf0913.html]
[themeforest.net/user/king_eagle_creative.html]
[themeforest.net/user/keyframe_audio/followers.html]
[themeforest.net/user/keyframe_audio/following.html]
[themeforest.net/user/sticktattoo.html]
[themeforest.net/user/music_waves_production.html]
[themeforest.net/user/keyframe_audio.html]
[themeforest.net/user/aovsound/followers.html]
[themeforest.net/user/aovsound/following.html]
[themeforest.net/user/aovsound/collections.html]
[themeforest.net/user/kornevmusic.html]
[themeforest.net/user/racoonvibes/followers.html]
[themeforest.net/user/racoonvibes/following.html]
[themeforest.net/user/RacoonVibes/collections.html]
[themeforest.net/user/ualeks.html]
[themeforest.net/user/serhii_baskakov.html]
[themeforest.net/user/modriy_jeetsky.html]
[themeforest.net/user/racoonvibes.html]
[themeforest.net/user/avoins.html]
[themeforest.net/user/svitlomotion/followers.html]
[themeforest.net/user/svitlomotion/following.html]
[themeforest.net/user/audiobigcat.html]
[themeforest.net/user/motion_dimitro.html]
[themeforest.net/user/joindots.html]
[themeforest.net/user/nilpatel01/portfolio2b15.html]
[themeforest.net/user/nilpatel01/portfolio.html]
[themeforest.net/user/nilpatel01/followers.html]
[themeforest.net/user/nilpatel01/following.html]
[themeforest.net/user/vdymusic.html]
[themeforest.net/user/vincemcgill/followers.html]
[themeforest.net/user/vincemcgill/following.html]
[themeforest.net/user/VinceMcGill/collections.html]
[themeforest.net/user/nilpatel01/portfolio5db0.html]
[themeforest.net/user/tiggimusic/followers.html]
[themeforest.net/user/tiggimusic/following.html]
[themeforest.net/user/TiggiMusic/collections.html]
[themeforest.net/user/tiggimusic.html]
[themeforest.net/user/dosana/followers.html]
[themeforest.net/user/dosana/following.html]
[themeforest.net/user/Dosana/collections.html]
[themeforest.net/user/laormedia1.html]
[themeforest.net/user/vlesarthi.html]
[themeforest.net/user/ibrahimadegoke26.html]
[themeforest.net/user/23birds.html]
[themeforest.net/user/exeandino/followers.html]
[themeforest.net/user/exeandino.html]
[themeforest.net/user/aabayomi.html]
[themeforest.net/user/exeandino/following.html]
[themeforest.net/user/sagehamisi/followers.html]
[themeforest.net/user/sagehamisi.html]
[themeforest.net/user/moamen-mohamed.html]
[themeforest.net/user/sagehamisi/following.html]
[themeforest.net/user/polyxgo/followers.html]
[themeforest.net/user/polyxgo/following.html]
[themeforest.net/user/polyxgo/collections.html]
[themeforest.net/user/dminfo2.html]
[themeforest.net/user/luishernandez15.html]
[themeforest.net/user/danlearnesfast.html]
[themeforest.net/user/signalshark.html]
[themeforest.net/user/ganeshragavan.html]
[themeforest.net/user/italoenio.html]
[themeforest.net/user/majdyabusondos.html]
[themeforest.net/user/shiyanthan.html]
[themeforest.net/user/polyxgo.html]
[themeforest.net/user/genietheme.html]
[themeforest.net/user/misout2020.html]
[themeforest.net/user/signalprime/followers.html]
[themeforest.net/user/signalprime.html]
[themeforest.net/user/codemusic/followers.html]
[themeforest.net/user/codemusic/following.html]
[themeforest.net/user/codemusic/collections.html]
[themeforest.net/user/alexunderthesky/followers.html]
[themeforest.net/user/alexunderthesky/following.html]
[themeforest.net/user/AlexUnderTheSky/collections.html]
[themeforest.net/user/wazo1.html]
[themeforest.net/user/soffit.html]
[themeforest.net/user/bohamza.html]
[themeforest.net/user/huangzhuonan000.html]
[themeforest.net/user/signalprime/following.html]
[themeforest.net/user/anormusic/followers.html]
[themeforest.net/user/anormusic/following.html]
[themeforest.net/user/AnorMusic/collections.html]
[themeforest.net/user/pawandisanayaka2020.html]
[themeforest.net/user/designhill1024.html]
[themeforest.net/user/matthiaskindler.html]
[themeforest.net/user/migermusic.html]
[themeforest.net/user/anormusic.html]
[themeforest.net/user/audio_tree/followers.html]
[themeforest.net/user/audio_tree/following.html]
[themeforest.net/user/audio_tree/collections.html]
[themeforest.net/user/monicafashionmedia.html]
[themeforest.net/user/dolos_music.html]
[themeforest.net/user/eagleeyecreative/followers.html]
[themeforest.net/user/eagleeyecreative/following.html]
[themeforest.net/user/margarita_maikova.html]
[themeforest.net/user/vladlentian.html]
[themeforest.net/user/chaminjayanath.html]
[themeforest.net/user/pixel_art3d.html]
[themeforest.net/user/eagleeyecreative.html]
[themeforest.net/user/carloschagasaudiocomposer/followers.html]
[themeforest.net/user/carloschagasaudiocomposer/following.html]
[themeforest.net/user/CarlosChagasAudioComposer/collections.html]
[themeforest.net/user/jenntriggs.html]
[themeforest.net/user/artfulvibe.html]
[themeforest.net/user/waltersilvapro/followers.html]
[themeforest.net/user/waltersilvapro/following.html]
[themeforest.net/user/WalterSilvaPro/collections.html]
[themeforest.net/user/dtlina.html]
[themeforest.net/user/paulo_sousaproduction.html]
[themeforest.net/user/alexandr_filippov.html]
[themeforest.net/user/ajloops.html]
[themeforest.net/user/alekssandra.html]
[themeforest.net/user/fxmarket.html]
[themeforest.net/user/woodlandmusic.html]
[themeforest.net/user/cellar_the_studio.html]
[themeforest.net/user/waltersilvapro.html]
[themeforest.net/user/gregorywebb/followers.html]
[themeforest.net/user/gregorywebb/following.html]
[themeforest.net/user/GregoryWebb/collections.html]
[themeforest.net/user/enginbagatur.html]
[themeforest.net/user/gadzzon/followers.html]
[themeforest.net/user/gadzzon/following.html]
[themeforest.net/user/Gadzzon/collections.html]
[themeforest.net/user/audiobaboon.html]
[themeforest.net/user/jagadeeshporipireddy.html]
[themeforest.net/user/blackalexstudio.html]
[themeforest.net/user/gadzzon.html]
[themeforest.net/user/roaringlionmusic/followers.html]
[themeforest.net/user/roaringlionmusic/following.html]
[themeforest.net/user/RoaringLionMusic/collections.html]
[themeforest.net/user/vovksound.html]
[themeforest.net/user/vortex_animax/followers.html]
[themeforest.net/user/vortex_animax/following.html]
[themeforest.net/user/Vortex_Animax/collections.html]
[themeforest.net/user/va_innovations.html]
[themeforest.net/user/dearmotion.html]
[themeforest.net/user/vortex_animax.html]
[themeforest.net/user/dream_motion.html]
[themeforest.net/user/megagames36/followers.html]
[themeforest.net/user/megagames36/following.html]
[themeforest.net/user/MegaGames36/collections.html]
[themeforest.net/user/tatukof.html]
[themeforest.net/user/megagames36.html]
[themeforest.net/user/gyuristudio.html]
[themeforest.net/user/mrpixellab/followers.html]
[themeforest.net/user/mrpixellab/following.html]
[themeforest.net/user/thoughtsoftareq.html]
[themeforest.net/user/saharastudio3767/followers.html]
[themeforest.net/user/saharastudio3767/following.html]
[themeforest.net/user/bengkelstudio.html]
[themeforest.net/user/punkyshark.html]
[themeforest.net/user/hakaratype.html]
[themeforest.net/user/semdesigncreative.html]
[themeforest.net/user/daz0.html]
[themeforest.net/user/saharastudio3767.html]
[themeforest.net/user/mourshidalam652.html]
[themeforest.net/user/pedrojmestres.html]
[themeforest.net/user/slidenuee_std.html]
[themeforest.net/user/anpop/followers.html]
[themeforest.net/user/anpop/following.html]
[themeforest.net/user/AnPoP/collections.html]
[themeforest.net/user/anpop.html]
[themeforest.net/user/ngiring_bingah.html]
[themeforest.net/user/rahiddesigner.html]
[themeforest.net/user/cropstudio94.html]
[themeforest.net/user/graphicdeal.html]
[themeforest.net/user/whiteslicermusic/followers.html]
[themeforest.net/user/whiteslicermusic/following.html]
[themeforest.net/user/WhiteSlicerMusic/collections.html]
[themeforest.net/user/pritamadangale.html]
[themeforest.net/user/taylorsoundscapes/followers.html]
[themeforest.net/user/taylorsoundscapes/following.html]
[themeforest.net/user/TaylorSoundscapes/collections.html]
[themeforest.net/user/michaelg8792.html]
[themeforest.net/user/taylorsoundscapes.html]
[themeforest.net/user/danaageeva.html]
[themeforest.net/user/overmusic/followers.html]
[themeforest.net/user/overmusic/following.html]
[themeforest.net/user/Overmusic/collections.html]
[themeforest.net/user/chrisjayman.html]
[themeforest.net/user/buildouttechno.html]
[themeforest.net/user/overmusic.html]
[themeforest.net/user/yusa0751.html]
[themeforest.net/user/vesh_studio/followers.html]
[themeforest.net/user/vesh_studio/following.html]
[themeforest.net/user/vesh_studio/collections.html]
[themeforest.net/user/vesh_studio.html]
[themeforest.net/user/richardjecooke.html]
[themeforest.net/user/centralperkproduction/followers.html]
[themeforest.net/user/centralperkproduction/following.html]
[themeforest.net/user/CentralPerkProduction/collections.html]
[themeforest.net/user/linnunrataproductions.html]
[themeforest.net/user/valentino98/followers.html]
[themeforest.net/user/valentino98/following.html]
[themeforest.net/user/audiogrove.html]
[themeforest.net/user/valentino98.html]
[themeforest.net/user/koji_miura.html]
[themeforest.net/user/baszz.html]
[themeforest.net/user/dramatic_drums/followers.html]
[themeforest.net/user/dramatic_drums/following.html]
[themeforest.net/user/myspaceprod.html]
[themeforest.net/user/mathmotion.html]
[themeforest.net/user/anujasb.html]
[themeforest.net/user/roman_ilchenko_production.html]
[themeforest.net/user/borracho.html]
[themeforest.net/user/washirving.html]
[themeforest.net/user/sarae7.html]
[themeforest.net/user/bright_light_studio.html]
[themeforest.net/user/dramatic_drums.html]
[themeforest.net/user/terrasseproduction.html]
[themeforest.net/user/vfimusic/followers.html]
[themeforest.net/user/vfimusic/following.html]
[themeforest.net/user/VFImusic/collections.html]
[themeforest.net/user/magic_sounds.html]
[themeforest.net/user/kefermusic/followers.html]
[themeforest.net/user/kefermusic/following.html]
[themeforest.net/user/KeferMusic/collections.html]
[themeforest.net/user/harmonyhub.html]
[themeforest.net/user/gmoodsmusic.html]
[themeforest.net/user/kefermusic.html]
[themeforest.net/user/hardprosound/followers.html]
[themeforest.net/user/hardprosound/following.html]
[themeforest.net/user/HardProSound/collections.html]
[themeforest.net/user/cosmohooligan.html]
[themeforest.net/user/lalodelacerda/followers.html]
[themeforest.net/user/lalodelacerda.html]
[themeforest.net/user/demianaditya.html]
[themeforest.net/user/gmstock.html]
[themeforest.net/user/chekarino/followers.html]
[themeforest.net/user/chekarino/following.html]
[themeforest.net/user/ecce123.html]
[themeforest.net/user/opeoluwapappy.html]
[themeforest.net/user/alexbecker18.html]
[themeforest.net/user/garg81.html]
[themeforest.net/user/windyzc.html]
[themeforest.net/user/sayed-aref/followers.html]
[themeforest.net/user/sayed-aref/following.html]
[themeforest.net/user/Sayed-Aref/collections.html]
[themeforest.net/user/lalodelacerda/following.html]
[themeforest.net/user/freshrhythms/followers.html]
[themeforest.net/user/freshrhythms/following.html]
[themeforest.net/user/freshrhythms/collections.html]
[themeforest.net/user/themesuccess.html]
[themeforest.net/user/greenstockaudio.html]
[themeforest.net/user/bestmusical.html]
[themeforest.net/user/audiosport.html]
[themeforest.net/user/bdx_ai.html]
[themeforest.net/user/vidhd.html]
[themeforest.net/user/nadiya_sergey.html]
[themeforest.net/user/freshrhythms.html]
[themeforest.net/user/kreatifreya/followers.html]
[themeforest.net/user/kreatifreya/following.html]
[themeforest.net/user/kreatifreya/collections.html]
[themeforest.net/user/shaffastudio.html]
[themeforest.net/user/mynameisfyjybv.html]
[themeforest.net/user/safrizal4520.html]
[themeforest.net/user/didehdduf12.html]
[themeforest.net/user/minerva1988/followers.html]
[themeforest.net/user/minerva1988/following.html]
[themeforest.net/user/minerva1988/collections.html]
[themeforest.net/user/javada_film.html]
[themeforest.net/user/ihaksi/followers.html]
[themeforest.net/user/ihaksi/following.html]
[themeforest.net/user/Ihaksi/collections.html]
[themeforest.net/user/hassan_2022.html]
[themeforest.net/user/erkan_akcadag.html]
[themeforest.net/user/gxkjiong.html]
[themeforest.net/user/audiomania.html]
[themeforest.net/user/bloingdoing.html]
[themeforest.net/user/msuddinctg.html]
[themeforest.net/user/jlmusix.html]
[themeforest.net/user/submotionsound.html]
[themeforest.net/user/ihaksi.html]
[themeforest.net/user/riverpixels_studio/followers.html]
[themeforest.net/user/riverpixels_studio/following.html]
[themeforest.net/user/riverpixels_studio/collections.html]
[themeforest.net/user/step713.html]
[themeforest.net/user/cherce.html]
[themeforest.net/user/mrzhidayat.html]
[themeforest.net/user/sixbitslea.html]
[themeforest.net/user/batogjokaj/followers.html]
[themeforest.net/user/batogjokaj/following.html]
[themeforest.net/user/BatoGjokaj/collections.html]
[themeforest.net/user/phydev.html]
[themeforest.net/user/graphicspond/followers.html]
[themeforest.net/user/graphicspond/following.html]
[themeforest.net/user/xdreemx.html]
[themeforest.net/user/graphicspond.html]
[themeforest.net/user/slav-media.html]
[themeforest.net/user/capeaudio/followers.html]
[themeforest.net/user/capeaudio/following.html]
[themeforest.net/user/CapeAudio/collections.html]
[themeforest.net/user/ekobudiutomo.html]
[themeforest.net/user/capeaudio.html]
[themeforest.net/user/dhruvpatel_.html]
[themeforest.net/user/technodrive.html]
[themeforest.net/user/3d_model_tifotizi/followers.html]
[themeforest.net/user/3d_model_tifotizi/following.html]
[themeforest.net/user/3d_model_tifotizi/collections.html]
[themeforest.net/user/arahmatmn.html]
[themeforest.net/user/pookidevsx04.html]
[themeforest.net/user/creative_i_official/followers.html]
[themeforest.net/user/creative_i_official/following.html]
[themeforest.net/user/Creative_I_official/collections.html]
[themeforest.net/user/design_everywhere.html]
[themeforest.net/user/azshop_digit.html]
[themeforest.net/user/mahanandadas.html]
[themeforest.net/user/obzervegfx.html]
[themeforest.net/user/mdnazmulh8.html]
[themeforest.net/user/printycreation.html]
[themeforest.net/user/creative_i_official.html]
[themeforest.net/user/flipas.html]
[themeforest.net/user/labet_development/followers.html]
[themeforest.net/user/labet_development/following.html]
[themeforest.net/user/mahmood_dabestani.html]
[themeforest.net/user/gontsemthombeni123.html]
[themeforest.net/user/mohamedkila/followers.html]
[themeforest.net/user/mohamedkila.html]
[themeforest.net/user/mohamedkila/following.html]
[themeforest.net/user/duckmetr/followers.html]
[themeforest.net/user/duckmetr/following.html]
[themeforest.net/user/duckmetr/collections.html]
[themeforest.net/user/ai3m.html]
[themeforest.net/user/ayamba101.html]
[themeforest.net/user/giorgospapa86.html]
[themeforest.net/user/duckmetr.html]
[themeforest.net/user/winlink7.html]
[themeforest.net/user/wexisstudios/followers.html]
[themeforest.net/user/wexisstudios/following.html]
[themeforest.net/user/verifybot.html]
[themeforest.net/user/codesmashars/followers.html]
[themeforest.net/user/codesmashars/following.html]
[themeforest.net/user/skanderh.html]
[themeforest.net/user/khadijawaseem653.html]
[themeforest.net/user/carlosdecunha.html]
[themeforest.net/user/gamebitdev/followers.html]
[themeforest.net/user/gamebitdev/following.html]
[themeforest.net/user/johnazuka.html]
[themeforest.net/user/abdulrasheedusman753.html]
[themeforest.net/user/gamestony.html]
[themeforest.net/user/alcobendasdavidsmr.html]
[themeforest.net/user/nikhuge.html]
[themeforest.net/user/positive-tunes/followers.html]
[themeforest.net/user/positive-tunes/following.html]
[themeforest.net/user/Positive-Tunes/collections.html]
[themeforest.net/user/ishalrb5.html]
[themeforest.net/user/sfzgames.html]
[themeforest.net/user/easy_app_hub.html]
[themeforest.net/user/positive-tunes.html]
[themeforest.net/user/vido2022.html]
[themeforest.net/user/adsbusiness_music/followers.html]
[themeforest.net/user/adsbusiness_music/following.html]
[themeforest.net/user/AdsBusiness_Music/collections.html]
[themeforest.net/user/wavewatcher/followers.html]
[themeforest.net/user/wavewatcher/following.html]
[themeforest.net/user/wavewatcher/collections.html]
[themeforest.net/user/kivancbesili31.html]
[themeforest.net/user/rodron/followers.html]
[themeforest.net/user/rodron/following.html]
[themeforest.net/user/rodron/collections.html]
[themeforest.net/user/promusic_ua.html]
[themeforest.net/user/rodron.html]
[themeforest.net/user/jamesa151.html]
[themeforest.net/user/themezeno.html]
[themeforest.net/user/u-touchdesign/portfolio.html]
[themeforest.net/user/u-touchdesign/followers.html]
[themeforest.net/user/u-touchdesign/following.html]
[themeforest.net/user/sacralsound.html]
[themeforest.net/user/williamwmk.html]
[themeforest.net/user/u-touchdesign.html]
[themeforest.net/user/zmsounds/followers.html]
[themeforest.net/user/zmsounds/following.html]
[themeforest.net/user/ZMSOUNDS/collections.html]
[themeforest.net/user/laigle.html]
[themeforest.net/user/musicareapro.html]
[themeforest.net/user/m3m/followers.html]
[themeforest.net/user/m3m/following.html]
[themeforest.net/user/m3m/collections.html]
[themeforest.net/user/loka_music.html]
[themeforest.net/user/welcometowelcomefour.html]
[themeforest.net/user/101pene18.html]
[themeforest.net/user/petrstulirst.html]
[themeforest.net/user/victorysometh.html]
[themeforest.net/user/pinrecords.html]
[themeforest.net/user/karmusic.html]
[themeforest.net/user/m3m.html]
[themeforest.net/user/telurstudioid.html]
[themeforest.net/user/bobkosh.html]
[themeforest.net/user/poppunker/followers.html]
[themeforest.net/user/poppunker/following.html]
[themeforest.net/user/likealion1995.html]
[themeforest.net/user/kingandqueen.html]
[themeforest.net/user/horizonschool9751.html]
[themeforest.net/user/evowork/followers.html]
[themeforest.net/user/evowork.html]
[themeforest.net/user/delgaudiographics.html]
[themeforest.net/user/evowork/following.html]
[themeforest.net/user/jbobstudio/followers.html]
[themeforest.net/user/jbobstudio/following.html]
[themeforest.net/user/jbobstudio/collections.html]
[themeforest.net/user/artyfact_sfx.html]
[themeforest.net/user/kovalikav.html]
[themeforest.net/user/nekoninja_core.html]
[themeforest.net/user/cutepopanimesound.html]
[themeforest.net/user/flexx7000.html]
[themeforest.net/user/rusturch.html]
[themeforest.net/user/reanimateaudio.html]
[themeforest.net/user/jbobstudio.html]
[themeforest.net/user/mozafarimanesh.html]
[themeforest.net/user/flashinmusic.html]
[themeforest.net/user/vihlyancev_ev/followers.html]
[themeforest.net/user/vihlyancev_ev/following.html]
[themeforest.net/user/rapirasmaks.html]
[themeforest.net/user/aldowaves.html]
[themeforest.net/user/gogiwowmail.html]
[themeforest.net/user/vihlyancev_ev.html]
[themeforest.net/user/breakzstudios/followers.html]
[themeforest.net/user/breakzstudios/following.html]
[themeforest.net/user/BreakzStudios/collections.html]
[themeforest.net/user/atwarye.html]
[themeforest.net/user/zsoltmarta.html]
[themeforest.net/user/bayubreakz.html]
[themeforest.net/user/tizlaudio/followers.html]
[themeforest.net/user/tizlaudio/following.html]
[themeforest.net/user/TizlAudio/collections.html]
[themeforest.net/user/wmxmv8.html]
[themeforest.net/user/biggroove.html]
[themeforest.net/user/soundeleon/followers.html]
[themeforest.net/user/soundeleon/following.html]
[themeforest.net/user/am27official.html]
[themeforest.net/user/anianesina.html]
[themeforest.net/user/canthrasributrrach.html]
[themeforest.net/user/soundeleon.html]
[themeforest.net/user/launzanev.html]
[themeforest.net/user/rolstudio/followers.html]
[themeforest.net/user/rolstudio/following.html]
[themeforest.net/user/RolStudio/collections.html]
[themeforest.net/user/dezmand91.html]
[themeforest.net/user/iscstudioofficial/followers.html]
[themeforest.net/user/iscstudioofficial/following.html]
[themeforest.net/user/iscstudioofficial/collections.html]
[themeforest.net/user/hexagonaudio/followers.html]
[themeforest.net/user/hexagonaudio/following.html]
[themeforest.net/user/HexagonAudio/collections.html]
[themeforest.net/user/newearthentertainment.html]
[themeforest.net/user/paulaverdum40.html]
[themeforest.net/user/svnsch1973.html]
[themeforest.net/user/perssonian.html]
[themeforest.net/user/miferesh/followers.html]
[themeforest.net/user/miferesh/following.html]
[themeforest.net/user/MifeResh/collections.html]
[themeforest.net/user/stevenbrine000.html]
[themeforest.net/user/udivi/followers.html]
[themeforest.net/user/udivi/following.html]
[themeforest.net/user/UDIVI/collections.html]
[themeforest.net/user/udivi.html]
[themeforest.net/user/whitekoalamusic.html]
[themeforest.net/user/hypersoda.html]
[themeforest.net/user/lbedsfan.html]
[themeforest.net/user/codemusicx/followers.html]
[themeforest.net/user/codemusicx.html]
[themeforest.net/user/codemusicx/following.html]
[themeforest.net/user/sergeynov/followers.html]
[themeforest.net/user/sergeynov/following.html]
[themeforest.net/user/Sergeynov/collections.html]
[themeforest.net/user/duncantenkate.html]
[themeforest.net/user/mildspoilers.html]
[themeforest.net/user/sergeynov.html]
[themeforest.net/user/bgstudio117.html]
[themeforest.net/user/lilfam/followers.html]
[themeforest.net/user/lilfam/following.html]
[themeforest.net/user/Lilfam/collections.html]
[themeforest.net/user/inspiringmusiclab.html]
[themeforest.net/user/airpitchh.html]
[themeforest.net/user/nativesounds.html]
[themeforest.net/user/lilfam.html]
[themeforest.net/user/povpau/followers.html]
[themeforest.net/user/povpau/following.html]
[themeforest.net/user/povpau/collections.html]
[themeforest.net/user/suryvam.html]
[themeforest.net/user/pyurz.html]
[themeforest.net/user/the-epic-boy-music/followers.html]
[themeforest.net/user/the-epic-boy-music/following.html]
[themeforest.net/user/The-Epic-Boy-Music/collections.html]
[themeforest.net/user/taqiyeddine-mahdi.html]
[themeforest.net/user/foursaken_media.html]
[themeforest.net/user/danieruhn.html]
[themeforest.net/user/missvickylynne.html]
[themeforest.net/user/pizzaderpyt.html]
[themeforest.net/user/the-epic-boy-music.html]
[themeforest.net/user/shineonart.html]
[themeforest.net/user/bensonchiang/followers.html]
[themeforest.net/user/bensonchiang/following.html]
[themeforest.net/user/bensonchiang/collections.html]
[themeforest.net/user/anzirmadam.html]
[themeforest.net/user/bensonchiang.html]
[themeforest.net/user/saifulhasan/followers.html]
[themeforest.net/user/saifulhasan/following.html]
[themeforest.net/user/SaifulHasan/collections.html]
[themeforest.net/user/worshipaudio.html]
[themeforest.net/user/phantomatic/followers.html]
[themeforest.net/user/phantomatic/following.html]
[themeforest.net/user/Phantomatic/collections.html]
[themeforest.net/user/brookspatrickallen.html]
[themeforest.net/user/phantomatic.html]
[themeforest.net/user/omarcreation/followers.html]
[themeforest.net/user/omarcreation/following.html]
[themeforest.net/user/mh3d.html]
[themeforest.net/user/coupesito.html]
[themeforest.net/user/abdulrahman_hariri.html]
[themeforest.net/user/bjarfx/followers.html]
[themeforest.net/user/bjarfx/following.html]
[themeforest.net/user/vasyltudor.html]
[themeforest.net/user/japrod.html]
[themeforest.net/user/nacremfx/followers.html]
[themeforest.net/user/nacremfx/following.html]
[themeforest.net/user/NacremFx/collections.html]
[themeforest.net/user/afternoon_studio.html]
[themeforest.net/user/alivfxdrawing.html]
[themeforest.net/user/moghouti.html]
[themeforest.net/user/elitemotion.html]
[themeforest.net/user/transmaxx.html]
[themeforest.net/user/nacremfx.html]
[themeforest.net/user/fernandommro.html]
[themeforest.net/user/andyslatter/followers.html]
[themeforest.net/user/andyslatter/following.html]
[themeforest.net/user/AndySlatter/collections.html]
[themeforest.net/user/alexonroad.html]
[themeforest.net/user/artsguitars.html]
[themeforest.net/user/philmooresr1971.html]
[themeforest.net/user/neecly2014.html]
[themeforest.net/user/grbicdanilo/followers.html]
[themeforest.net/user/grbicdanilo/following.html]
[themeforest.net/user/grbicdanilo/collections.html]
[themeforest.net/user/littlesprogrammers.html]
[themeforest.net/user/andrepianoart/followers.html]
[themeforest.net/user/andrepianoart/following.html]
[themeforest.net/user/Andrepianoart/collections.html]
[themeforest.net/user/xu2513.html]
[themeforest.net/user/andrepianoart.html]
[themeforest.net/user/mezzotenor.html]
[themeforest.net/user/olga_airumian_sound_therapist/followers.html]
[themeforest.net/user/olga_airumian_sound_therapist/following.html]
[themeforest.net/user/vahik.html]
[themeforest.net/user/trialplus.html]
[themeforest.net/user/jdfysound.html]
[themeforest.net/user/olga_airumian_sound_therapist.html]
[themeforest.net/user/hcmcity.html]
[themeforest.net/user/rawaudiolab/followers.html]
[themeforest.net/user/rawaudiolab/following.html]
[themeforest.net/user/RawAudioLab/collections.html]
[themeforest.net/user/gkaraca35.html]
[themeforest.net/user/jprintstudio.html]
[themeforest.net/user/rawaudiolab.html]
[themeforest.net/user/style_life.html]
[themeforest.net/user/dagored/followers.html]
[themeforest.net/user/dagored/following.html]
[themeforest.net/user/legotyres.html]
[themeforest.net/user/techneyo.html]
[themeforest.net/user/comboproduction/followers.html]
[themeforest.net/user/comboproduction/following.html]
[themeforest.net/user/breezy_borders.html]
[themeforest.net/user/comboproduction.html]
[themeforest.net/user/drjnicolesimpson.html]
[themeforest.net/user/pulmane.html]
[themeforest.net/user/jaz39.html]
[themeforest.net/user/alvinhoyoung2020.html]
[themeforest.net/user/mediartsounds/followers.html]
[themeforest.net/user/mediartsounds/following.html]
[themeforest.net/user/mediartsounds/collections.html]
[themeforest.net/user/nearsound.html]
[themeforest.net/user/nimlos/followers.html]
[themeforest.net/user/nimlos.html]
[themeforest.net/user/jdproduction.html]
[themeforest.net/user/nimlos/following.html]
[themeforest.net/user/palmproductions/followers.html]
[themeforest.net/user/palmproductions/following.html]
[themeforest.net/user/Palmproductions/collections.html]
[themeforest.net/user/djsofianeofficial.html]
[themeforest.net/user/palmproductions.html]
[themeforest.net/user/nicleics.html]
[themeforest.net/user/iftikhardesigner.html]
[themeforest.net/user/echo-lab/followers.html]
[themeforest.net/user/echo-lab/following.html]
[themeforest.net/user/aldioneandradeaac.html]
[themeforest.net/user/vibratingart.html]
[themeforest.net/user/amaltech.html]
[themeforest.net/user/echo-lab.html]
[themeforest.net/user/isayevdoniyor001.html]
[themeforest.net/user/anthuanvasquez/followers.html]
[themeforest.net/user/anthuanvasquez/following.html]
[themeforest.net/user/slickpuppymusic.html]
[themeforest.net/user/logeias.html]
[themeforest.net/user/gulzatenigma.html]
[themeforest.net/user/denginproduction.html]
[themeforest.net/user/anthuanvasquez.html]
[themeforest.net/user/placemusic.html]
[themeforest.net/user/freesound/followers.html]
[themeforest.net/user/freesound/following.html]
[themeforest.net/user/FreeSound/collections.html]
[themeforest.net/user/tarambanad.html]
[themeforest.net/user/oversuremusic.html]
[themeforest.net/user/slowrobot.html]
[themeforest.net/user/hammada1999.html]
[themeforest.net/user/freesound.html]
[themeforest.net/user/pontimaxi.html]
[themeforest.net/user/audiocoffee/followers.html]
[themeforest.net/user/audiocoffee/following.html]
[themeforest.net/user/AudioCoffee/collections.html]
[themeforest.net/user/ekekkasit.html]
[themeforest.net/user/ortizann23.html]
[themeforest.net/user/soulshelterrecordings.html]
[themeforest.net/user/charlie-2021/followers.html]
[themeforest.net/user/charlie-2021/following.html]
[themeforest.net/user/stockdrone.html]
[themeforest.net/user/zoom_vfx/followers.html]
[themeforest.net/user/zoom_vfx/following.html]
[themeforest.net/user/zoom_vfx/collections.html]
[themeforest.net/user/daowifx.html]
[themeforest.net/user/papilon_motion.html]
[themeforest.net/user/graphplugin0.html]
[themeforest.net/user/creative_atom.html]
[themeforest.net/user/yul_design.html]
[themeforest.net/user/team_shop.html]
[themeforest.net/user/color_splasher.html]
[themeforest.net/user/motion-for-emotion.html]
[themeforest.net/user/zoom_vfx.html]
[themeforest.net/user/zivaan_solutions/followers.html]
[themeforest.net/user/zivaan_solutions/following.html]
[themeforest.net/user/goobyeditutu.html]
[themeforest.net/user/cronysa.html]
[themeforest.net/user/lmuno.html]
[themeforest.net/user/rsspecs.html]
[themeforest.net/user/heritierndukate.html]
[themeforest.net/user/yasirch8251.html]
[themeforest.net/user/millan444.html]
[themeforest.net/user/guarenchetuma.html]
[themeforest.net/user/hyksosprod.html]
[themeforest.net/user/kristi_ma.html]
[themeforest.net/user/kh009/followers.html]
[themeforest.net/user/kh009.html]
[themeforest.net/user/srividyazivaan.html]
[themeforest.net/user/bozsoftware/followers.html]
[themeforest.net/user/bozsoftware/following.html]
[themeforest.net/user/olaniyialuko70.html]
[themeforest.net/user/jobcanadacom1.html]
[themeforest.net/user/visionclasse.html]
[themeforest.net/user/michealcowell6.html]
[themeforest.net/user/leif0531.html]
[themeforest.net/user/jas-design.html]
[themeforest.net/user/d56238239.html]
[themeforest.net/user/ting2day8.html]
[themeforest.net/user/buyfullcode/followers.html]
[themeforest.net/user/buyfullcode/following.html]
[themeforest.net/user/kh009/following.html]
[themeforest.net/user/bencherif/followers.html]
[themeforest.net/user/bencherif/following.html]
[themeforest.net/user/smronybd.html]
[themeforest.net/user/dexpand.html]
[themeforest.net/user/onarchgraphics.html]
[themeforest.net/user/creative-_touch.html]
[themeforest.net/user/dcpltech.html]
[themeforest.net/user/bencherif.html]
[themeforest.net/user/madou213.html]
[themeforest.net/user/partikusidesign.html]
[themeforest.net/user/maya055.html]
[themeforest.net/user/essasymphony.html]
[themeforest.net/user/visual_vibes/followers.html]
[themeforest.net/user/visual_vibes/following.html]
[themeforest.net/user/Visual_Vibes/collections.html]
[themeforest.net/user/nahar3d.html]
[themeforest.net/user/nikkihallet4103.html]
[themeforest.net/user/nasser_shibani/followers.html]
[themeforest.net/user/nasser_shibani/following.html]
[themeforest.net/user/Nasser_Shibani/collections.html]
[themeforest.net/user/logical_design.html]
[themeforest.net/user/straightmotions.html]
[themeforest.net/user/nasser_shibani.html]
[themeforest.net/user/sequencesmusic/followers.html]
[themeforest.net/user/sequencesmusic/following.html]
[themeforest.net/user/SequencesMusic/collections.html]
[themeforest.net/user/pavel_tao.html]
[themeforest.net/user/isacgabriel/followers.html]
[themeforest.net/user/isacgabriel/following.html]
[themeforest.net/user/isacgabriel/collections.html]
[themeforest.net/user/jarotype.html]
[themeforest.net/user/thawhtooin.html]
[themeforest.net/user/megakyle.html]
[themeforest.net/user/robusttheme/portfolio2b15.html]
[themeforest.net/user/robusttheme/portfolio.html]
[themeforest.net/user/robusttheme/followers.html]
[themeforest.net/user/robusttheme/following.html]
[themeforest.net/user/softcrafty.html]
[themeforest.net/user/jacksonmovers.html]
[themeforest.net/user/innovativestation.html]
[themeforest.net/user/robusttheme/portfolio5db0.html]
[themeforest.net/user/elsnertechnologies/followers.html]
[themeforest.net/user/elsnertechnologies/following.html]
[themeforest.net/user/elsnertechnologies/collections.html]
[themeforest.net/user/kamalamventures.html]
[themeforest.net/user/abbyayoola1.html]
[themeforest.net/user/chunsong1986.html]
[themeforest.net/user/validtemplates.html]
[themeforest.net/user/tonyryansky.html]
[themeforest.net/user/xprojecx.html]
[themeforest.net/user/elsnertechnologies.html]
[themeforest.net/user/designexpose.html]
[themeforest.net/user/iamrobiulislam.html]
[themeforest.net/user/sheikhashadul.html]
[themeforest.net/user/rambaranbiz.html]
[themeforest.net/user/webbmasda.html]
[themeforest.net/user/creative_design01.html]
[themeforest.net/user/saptheme/portfolio.html]
[themeforest.net/user/saptheme/followers.html]
[themeforest.net/user/saptheme/following.html]
[themeforest.net/user/Saptheme/collections.html]
[themeforest.net/user/tangeruli.html]
[themeforest.net/user/abssalam362.html]
[themeforest.net/user/cleaverprogrammer32.html]
[themeforest.net/user/sakuraryuzaki000.html]
[themeforest.net/user/ltshibuabua.html]
[themeforest.net/user/pradipchy.html]
[themeforest.net/user/techsometimes.html]
[themeforest.net/user/saptheme.html]
[themeforest.net/user/smartsoftsolutions.html]
[themeforest.net/user/allredington/followers.html]
[themeforest.net/user/allredington/following.html]
[themeforest.net/user/lucifugum90/followers.html]
[themeforest.net/user/lucifugum90/following.html]
[themeforest.net/user/uthe13.html]
[themeforest.net/user/softitheme.html]
[themeforest.net/user/ngproduction/followers.html]
[themeforest.net/user/ngproduction/following.html]
[themeforest.net/user/ngproduction.html]
[themeforest.net/user/NGProduction/collections.html]
[themeforest.net/user/audiosteyl/followers.html]
[themeforest.net/user/audiosteyl/following.html]
[themeforest.net/user/AudioSteyl/collections.html]
[themeforest.net/user/grandacoustic.html]
[themeforest.net/user/real-napster.html]
[themeforest.net/user/audiocafe.html]
[themeforest.net/user/uptempomusicagency.html]
[themeforest.net/user/mayarg.html]
[themeforest.net/user/audiosteyl.html]
[themeforest.net/user/lavoiefilms.html]
[themeforest.net/user/uzzal420.html]
[themeforest.net/user/letempleduson_disabled.html]
[themeforest.net/user/caerproduction/followers.html]
[themeforest.net/user/caerproduction/following.html]
[themeforest.net/user/central800/followers.html]
[themeforest.net/user/central800/following.html]
[themeforest.net/user/ahrajabi82.html]
[themeforest.net/user/centralj80.html]
[themeforest.net/user/vanoise/followers.html]
[themeforest.net/user/vanoise/following.html]
[themeforest.net/user/VAnoise/collections.html]
[themeforest.net/user/voidcore_productions.html]
[themeforest.net/user/sonicastral/followers.html]
[themeforest.net/user/sonicastral/following.html]
[themeforest.net/user/SonicAstral/collections.html]
[themeforest.net/user/danamusic.html]
[themeforest.net/user/visiontrack.html]
[themeforest.net/user/wwsqpwq.html]
[themeforest.net/user/giovannih4.html]
[themeforest.net/user/filmandgamemusic.html]
[themeforest.net/user/sonicastral.html]
[themeforest.net/user/marykold.html]
[themeforest.net/user/dinusham/followers.html]
[themeforest.net/user/dinusham/following.html]
[themeforest.net/user/haengelik_deville.html]
[themeforest.net/user/elegancedigital/followers.html]
[themeforest.net/user/elegancedigital/following.html]
[themeforest.net/user/buddy_animations/followers.html]
[themeforest.net/user/buddy_animations/following.html]
[themeforest.net/user/viktorkayiranga.html]
[themeforest.net/user/bf6nn8zfnp.html]
[themeforest.net/user/brandyrachelevo.html]
[themeforest.net/user/nirmald1.html]
[themeforest.net/user/king_eagle_creative/followers.html]
[themeforest.net/user/king_eagle_creative/following.html]
[themeforest.net/user/marioviani.html]
[themeforest.net/user/digital_dynamo.html]
[themeforest.net/user/king_eagle_creative.html]
[themeforest.net/user/keyframe_audio/followers.html]
[themeforest.net/user/keyframe_audio/following.html]
[themeforest.net/user/sticktattoo.html]
[themeforest.net/user/andrearavasio.html]
[themeforest.net/user/music_waves_production/followers.html]
[themeforest.net/user/music_waves_production/following.html]
[themeforest.net/user/music_waves_production/collections.html]
[themeforest.net/user/kyevgeniia.html]
[themeforest.net/user/tunnelwave.html]
[themeforest.net/user/ikaika95.html]
[themeforest.net/user/music_waves_production.html]
[themeforest.net/user/doremifasol.html]
[themeforest.net/user/kornevmusic/followers.html]
[themeforest.net/user/kornevmusic/following.html]
[themeforest.net/user/kornevmusic/collections.html]
[themeforest.net/user/javenw111.html]
[themeforest.net/user/hghoaoinfo.html]
[themeforest.net/user/edmusicmaker.html]
[themeforest.net/user/mcathy5120.html]
[themeforest.net/user/revamiheev.html]
[themeforest.net/user/kornevmusic.html]
[themeforest.net/user/racoonvibes/followers.html]
[themeforest.net/user/racoonvibes/following.html]
[themeforest.net/user/RacoonVibes/collections.html]
[themeforest.net/user/xinmagic.html]
[themeforest.net/user/ualeks/followers.html]
[themeforest.net/user/ualeks/following.html]
[themeforest.net/user/silverliningmusic.html]
[themeforest.net/user/vegasmusic.html]
[themeforest.net/user/pingu2019.html]
[themeforest.net/user/ualeks.html]
[themeforest.net/user/hatie_jr.html]
[themeforest.net/user/serhii_baskakov/followers.html]
[themeforest.net/user/serhii_baskakov/following.html]
[themeforest.net/user/Serhii_Baskakov/collections.html]
[themeforest.net/user/uisland.html]
[themeforest.net/user/serhii_baskakov.html]
[themeforest.net/user/modriy_jeetsky.html]
[themeforest.net/user/joindots.html]
[themeforest.net/user/nilpatel01/portfolio2b15.html]
[themeforest.net/user/nilpatel01/portfolio5db0.html]
[themeforest.net/user/tiggimusic/followers.html]
[themeforest.net/user/tiggimusic/following.html]
[themeforest.net/user/TiggiMusic/collections.html]
[themeforest.net/user/23birds.html]
[themeforest.net/user/exeandino/followers.html]
[themeforest.net/user/exeandino/following.html]
[themeforest.net/user/sagehamisi/followers.html]
[themeforest.net/user/sagehamisi/following.html]
[themeforest.net/user/polyxgo/followers.html]
[themeforest.net/user/polyxgo/following.html]
[themeforest.net/user/polyxgo/index.html]
[themeforest.net/user/polyxgo/collections.html]
[themeforest.net/user/dminfo2.html]
[themeforest.net/user/luishernandez15.html]
[themeforest.net/user/danlearnesfast.html]
[themeforest.net/user/signalshark.html]
[themeforest.net/user/ganeshragavan.html]
[themeforest.net/user/italoenio.html]
[themeforest.net/user/majdyabusondos.html]
[themeforest.net/user/shiyanthan.html]
[themeforest.net/user/misout2020.html]
[themeforest.net/user/signalprime/followers.html]
[themeforest.net/user/signalprime/following.html]
[themeforest.net/user/anormusic/followers.html]
[themeforest.net/user/anormusic/following.html]
[themeforest.net/user/AnorMusic/collections.html]
[themeforest.net/user/pawandisanayaka2020.html]
[themeforest.net/user/seven-in-music.html]
[themeforest.net/user/designhill1024/followers.html]
[themeforest.net/user/designhill1024/following.html]
[themeforest.net/user/jmcreate_std.html]
[themeforest.net/user/aktunes.html]
[themeforest.net/user/designhill1024.html]
[themeforest.net/user/matthiaskindler.html]
[themeforest.net/user/bahartofigh.html]
[themeforest.net/user/migermusic/followers.html]
[themeforest.net/user/migermusic/following.html]
[themeforest.net/user/migermusic/collections.html]
[themeforest.net/user/soufiandahour.html]
[themeforest.net/user/barronspjx.html]
[themeforest.net/user/studioadm.html]
[themeforest.net/user/migermusic.html]
[themeforest.net/user/dolos_music.html]
[themeforest.net/user/eagleeyecreative/followers.html]
[themeforest.net/user/eagleeyecreative/following.html]
[themeforest.net/user/cafatsq.html]
[themeforest.net/user/margarita_maikova/followers.html]
[themeforest.net/user/margarita_maikova/following.html]
[themeforest.net/user/leandrosstudio.html]
[themeforest.net/user/harmsmusic.html]
[themeforest.net/user/yasinapaydin.html]
[themeforest.net/user/margarita_maikova.html]
[themeforest.net/user/ssn13.html]
[themeforest.net/user/vladlentian/followers.html]
[themeforest.net/user/vladlentian/following.html]
[themeforest.net/user/VladlenTian/collections.html]
[themeforest.net/user/ethisys.html]
[themeforest.net/user/vladlentian.html]
[themeforest.net/user/smb9.html]
[themeforest.net/user/chaminjayanath/followers.html]
[themeforest.net/user/chaminjayanath.html]
[themeforest.net/user/chaminjayanath/following.html]
[themeforest.net/user/pixel_art3d/followers.html]
[themeforest.net/user/pixel_art3d/following.html]
[themeforest.net/user/PIXEL_ART3D/collections.html]
[themeforest.net/user/arts-of-thinking.html]
[themeforest.net/user/udaramalith1231.html]
[themeforest.net/user/pixel_art3d.html]
[themeforest.net/user/262b9_studio.html]
[themeforest.net/user/artfulvibe/followers.html]
[themeforest.net/user/artfulvibe/following.html]
[themeforest.net/user/artfulvibe.html]
[themeforest.net/user/waltersilvapro/followers.html]
[themeforest.net/user/waltersilvapro/following.html]
[themeforest.net/user/WalterSilvaPro/collections.html]
[themeforest.net/user/dtlina.html]
[themeforest.net/user/paulo_sousaproduction.html]
[themeforest.net/user/digital_vfx.html]
[themeforest.net/user/alexandr_filippov/followers.html]
[themeforest.net/user/alexandr_filippov/following.html]
[themeforest.net/user/Alexandr_Filippov/collections.html]
[themeforest.net/user/uelaned.html]
[themeforest.net/user/haliz.html]
[themeforest.net/user/kbaudiostock.html]
[themeforest.net/user/rocket_powered.html]
[themeforest.net/user/alexandr_filippov.html]
[themeforest.net/user/ajloops.html]
[themeforest.net/user/alekssandra.html]
[themeforest.net/user/skybirdsoundstudio.html]
[themeforest.net/user/fxmarket/followers.html]
[themeforest.net/user/fxmarket/following.html]
[themeforest.net/user/FXMarket/collections.html]
[themeforest.net/user/fxmarket.html]
[themeforest.net/user/woodlandmusic.html]
[themeforest.net/user/selectmedias.html]
[themeforest.net/user/cellar_the_studio/followers.html]
[themeforest.net/user/cellar_the_studio/following.html]
[themeforest.net/user/Cellar_the_Studio/collections.html]
[themeforest.net/user/help_content_creator.html]
[themeforest.net/user/cellar_the_studio.html]
[themeforest.net/user/enginbagatur.html]
[themeforest.net/user/gadzzon/followers.html]
[themeforest.net/user/gadzzon/following.html]
[themeforest.net/user/Gadzzon/collections.html]
[themeforest.net/user/sound-background.html]
[themeforest.net/user/audiobaboon/followers.html]
[themeforest.net/user/audiobaboon/following.html]
[themeforest.net/user/kabookiai.html]
[themeforest.net/user/hallion.html]
[themeforest.net/user/audiobaboon.html]
[themeforest.net/user/jagadeeshporipireddy.html]
[themeforest.net/user/bkfa.html]
[themeforest.net/user/blackalexstudio/followers.html]
[themeforest.net/user/blackalexstudio/following.html]
[themeforest.net/user/BlackAlexStudio/collections.html]
[themeforest.net/user/bromgeksin8.html]
[themeforest.net/user/parainstinct2022.html]
[themeforest.net/user/angelakosnickoletta.html]
[themeforest.net/user/blackalexstudio.html]
[themeforest.net/user/ed-musicproductions.html]
[themeforest.net/user/vovksound/followers.html]
[themeforest.net/user/vovksound/following.html]
[themeforest.net/user/vovksound/collections.html]
[themeforest.net/user/vilirecord.html]
[themeforest.net/user/azimuthsound.html]
[themeforest.net/user/elizarfa.html]
[themeforest.net/user/vladimir_sw.html]
[themeforest.net/user/rebeljam.html]
[themeforest.net/user/vovksound.html]
[themeforest.net/user/vortex_animax/followers.html]
[themeforest.net/user/vortex_animax/following.html]
[themeforest.net/user/Vortex_Animax/collections.html]
[themeforest.net/user/mykolashpak.html]
[themeforest.net/user/va_innovations/followers.html]
[themeforest.net/user/va_innovations.html]
[themeforest.net/user/va_innovations/following.html]
[themeforest.net/user/dearmotion/followers.html]
[themeforest.net/user/dearmotion/following.html]
[themeforest.net/user/DearMotion/collections.html]
[themeforest.net/user/odilbek_animations.html]
[themeforest.net/user/mvk-studio.html]
[themeforest.net/user/new_star.html]
[themeforest.net/user/rkallai.html]
[themeforest.net/user/mdlavlumia.html]
[themeforest.net/user/dearmotion.html]
[themeforest.net/user/makhmudovich.html]
[themeforest.net/user/dream_motion/followers.html]
[themeforest.net/user/dream_motion/following.html]
[themeforest.net/user/Dream_motion/collections.html]
[themeforest.net/user/marsomotion.html]
[themeforest.net/user/carlforge.html]
[themeforest.net/user/email2mdc.html]
[themeforest.net/user/achna.html]
[themeforest.net/user/angelos-poulis.html]
[themeforest.net/user/karimkamal311.html]
[themeforest.net/user/dream_motion.html]
[themeforest.net/user/megagames36/followers.html]
[themeforest.net/user/megagames36/following.html]
[themeforest.net/user/MegaGames36/collections.html]
[themeforest.net/user/aitmedialab.html]
[themeforest.net/user/tatukof/followers.html]
[themeforest.net/user/tatukof.html]
[themeforest.net/user/thoughtsoftareq.html]
[themeforest.net/user/saharastudio3767/followers.html]
[themeforest.net/user/saharastudio3767/following.html]
[themeforest.net/user/bengkelstudio.html]
[themeforest.net/user/punkyshark.html]
[themeforest.net/user/tatukof/following.html]
[themeforest.net/user/hakaratype/followers.html]
[themeforest.net/user/hakaratype/following.html]
[themeforest.net/user/krunalranadesign.html]
[themeforest.net/user/hakaratype.html]
[themeforest.net/user/semdesigncreative.html]
[themeforest.net/user/daz0.html]
[themeforest.net/user/cireta.html]
[themeforest.net/user/slidenuee_std/followers.html]
[themeforest.net/user/slidenuee_std/following.html]
[themeforest.net/user/zubyerahmedbd.html]
[themeforest.net/user/cliomarketingdxb.html]
[themeforest.net/user/yahyahasan.html]
[themeforest.net/user/slidenuee_std.html]
[themeforest.net/user/anpop/followers.html]
[themeforest.net/user/anpop/following.html]
[themeforest.net/user/AnPoP/collections.html]
[themeforest.net/user/pritamadangale.html]
[themeforest.net/user/taylorsoundscapes/followers.html]
[themeforest.net/user/taylorsoundscapes/following.html]
[themeforest.net/user/TaylorSoundscapes/collections.html]
[themeforest.net/user/michaelg8792.html]
[themeforest.net/user/genmoroco.html]
[themeforest.net/user/danaageeva/followers.html]
[themeforest.net/user/danaageeva/following.html]
[themeforest.net/user/serotonin1207.html]
[themeforest.net/user/c_audio.html]
[themeforest.net/user/danaageeva.html]
[themeforest.net/user/overmusic/followers.html]
[themeforest.net/user/overmusic/following.html]
[themeforest.net/user/Overmusic/collections.html]
[themeforest.net/user/chrisjayman.html]
[themeforest.net/user/buildouttechno.html]
[themeforest.net/user/yusa0751.html]
[themeforest.net/user/vesh_studio/followers.html]
[themeforest.net/user/vesh_studio/following.html]
[themeforest.net/user/vesh_studio/collections.html]
[themeforest.net/user/priestmanbeatz.html]
[themeforest.net/user/linnunrataproductions/followers.html]
[themeforest.net/user/linnunrataproductions.html]
[themeforest.net/user/valentino98/followers.html]
[themeforest.net/user/valentino98/following.html]
[themeforest.net/user/linnunrataproductions/following.html]
[themeforest.net/user/audiogrove/followers.html]
[themeforest.net/user/audiogrove/following.html]
[themeforest.net/user/francescoaccardo.html]
[themeforest.net/user/muhtasimomi95.html]
[themeforest.net/user/lastingsound.html]
[themeforest.net/user/silvanrupp.html]
[themeforest.net/user/marstereon.html]
[themeforest.net/user/generator_of_ideas.html]
[themeforest.net/user/audiogrove.html]
[themeforest.net/user/valijon122.html]
[themeforest.net/user/baszz/followers.html]
[themeforest.net/user/baszz/following.html]
[themeforest.net/user/Baszz/collections.html]
[themeforest.net/user/terrebritton.html]
[themeforest.net/user/davidisgreat22.html]
[themeforest.net/user/butterfly_music.html]
[themeforest.net/user/baszz.html]
[themeforest.net/user/dramatic_drums/followers.html]
[themeforest.net/user/dramatic_drums/following.html]
[themeforest.net/user/myspaceprod.html]
[themeforest.net/user/awaramotion.html]
[themeforest.net/user/mathmotion/followers.html]
[themeforest.net/user/mathmotion/following.html]
[themeforest.net/user/yuichi360.html]
[themeforest.net/user/envato_edge.html]
[themeforest.net/user/munnaaziz0.html]
[themeforest.net/user/terfuz.html]
[themeforest.net/user/nhinhdigital.html]
[themeforest.net/user/lumenlabor.html]
[themeforest.net/user/adfierce.html]
[themeforest.net/user/mathmotion.html]
[themeforest.net/user/anujasb.html]
[themeforest.net/user/roman_ilchenko_production.html]
[themeforest.net/user/borracho.html]
[themeforest.net/user/visual_a.html]
[themeforest.net/user/washirving/followers.html]
[themeforest.net/user/washirving/following.html]
[themeforest.net/user/WashirvinG/collections.html]
[themeforest.net/user/jnjstudio.html]
[themeforest.net/user/attractype.html]
[themeforest.net/user/miker139.html]
[themeforest.net/user/washirving.html]
[themeforest.net/user/sarae7.html]
[themeforest.net/user/arhamgraphics.html]
[themeforest.net/user/bright_light_studio/followers.html]
[themeforest.net/user/bright_light_studio/following.html]
[themeforest.net/user/bright_light_studio.html]
[themeforest.net/user/magic_sounds.html]
[themeforest.net/user/kefermusic/followers.html]
[themeforest.net/user/kefermusic/following.html]
[themeforest.net/user/KeferMusic/collections.html]
[themeforest.net/user/harmonyhub.html]
[themeforest.net/user/Bright_Light_Studio/collections.html]
[themeforest.net/user/gmoodsmusic/followers.html]
[themeforest.net/user/gmoodsmusic.html]
[themeforest.net/user/cosmohooligan.html]
[themeforest.net/user/lalodelacerda/followers.html]
[themeforest.net/user/lalodelacerda/following.html]
[themeforest.net/user/freshrhythms/followers.html]
[themeforest.net/user/freshrhythms/following.html]
[themeforest.net/user/freshrhythms/collections.html]
[themeforest.net/user/gmoodsmusic/following.html]
[themeforest.net/user/themesuccess/portfolio.html]
[themeforest.net/user/themesuccess/followers.html]
[themeforest.net/user/themesuccess/following.html]
[themeforest.net/user/elegantpixels.html]
[themeforest.net/user/sherwoodhosting.html]
[themeforest.net/user/themesuccess.html]
[themeforest.net/user/craftymatethemes.html]
[themeforest.net/user/greenstockaudio/followers.html]
[themeforest.net/user/greenstockaudio/following.html]
[themeforest.net/user/greenstockaudio.html]
[themeforest.net/user/bestmusical.html]
[themeforest.net/user/GreenStockAudio/collections.html]
[themeforest.net/user/audiosport/followers.html]
[themeforest.net/user/audiosport/following.html]
[themeforest.net/user/AudioSport/collections.html]
[themeforest.net/user/audiosport.html]
[themeforest.net/user/royal_tea_music.html]
[themeforest.net/user/bdx_ai/followers.html]
[themeforest.net/user/bdx_ai/following.html]
[themeforest.net/user/drv3n.html]
[themeforest.net/user/stambol.html]
[themeforest.net/user/amazonardax.html]
[themeforest.net/user/esccolognecity.html]
[themeforest.net/user/syntax-error.html]
[themeforest.net/user/bdx_ai.html]
[themeforest.net/user/vidhd.html]
[themeforest.net/user/akai724996.html]
[themeforest.net/user/nadiya_sergey/followers.html]
[themeforest.net/user/nadiya_sergey/following.html]
[themeforest.net/user/nadiya_sergey/collections.html]
[themeforest.net/user/tusharbhosale121198.html]
[themeforest.net/user/lokamod836.html]
[themeforest.net/user/blacklightvisual.html]
[themeforest.net/user/tifok2014.html]
[themeforest.net/user/nadiya_sergey.html]
[themeforest.net/user/javada_film.html]
[themeforest.net/user/ihaksi/followers.html]
[themeforest.net/user/ihaksi/following.html]
[themeforest.net/user/Ihaksi/collections.html]
[themeforest.net/user/hassan_2022.html]
[themeforest.net/user/crystal-sound.html]
[themeforest.net/user/erkan_akcadag/followers.html]
[themeforest.net/user/erkan_akcadag/following.html]
[themeforest.net/user/erkan_akcadag/collections.html]
[themeforest.net/user/graphicbhuinya.html]
[themeforest.net/user/anchi88.html]
[themeforest.net/user/giulioianniproduzioni.html]
[themeforest.net/user/eaonlinetr.html]
[themeforest.net/user/metilfenidate.html]
[themeforest.net/user/happymusichappysounds.html]
[themeforest.net/user/erkan_akcadag.html]
[themeforest.net/user/gxkjiong.html]
[themeforest.net/user/pashasaprygin.html]
[themeforest.net/user/audiomania/followers.html]
[themeforest.net/user/audiomania/following.html]
[themeforest.net/user/audiomania/collections.html]
[themeforest.net/user/swanmusicstudio.html]
[themeforest.net/user/audiomania.html]
[themeforest.net/user/bloingdoing.html]
[themeforest.net/user/msuddinctg.html]
[themeforest.net/user/jlmusix.html]
[themeforest.net/user/submotionsound.html]
[themeforest.net/user/select-gmbh.html]
[themeforest.net/user/phydev/portfolio.html]
[themeforest.net/user/phydev/followers.html]
[themeforest.net/user/phydev.html]
[themeforest.net/user/graphicspond/followers.html]
[themeforest.net/user/graphicspond/following.html]
[themeforest.net/user/xdreemx.html]
[themeforest.net/user/phydev/following.html]
[themeforest.net/user/slav-media/followers.html]
[themeforest.net/user/slav-media/following.html]
[themeforest.net/user/Slav-Media/collections.html]
[themeforest.net/user/slav-media.html]
[themeforest.net/user/capeaudio/followers.html]
[themeforest.net/user/capeaudio/following.html]
[themeforest.net/user/CapeAudio/collections.html]
[themeforest.net/user/meyshacg.html]
[themeforest.net/user/ekobudiutomo/followers.html]
[themeforest.net/user/ekobudiutomo/following.html]
[themeforest.net/user/ekobudiutomo/collections.html]
[themeforest.net/user/fland.html]
[themeforest.net/user/ekobudiutomo.html]
[themeforest.net/user/supitnan.html]
[themeforest.net/user/pookidevsx04/followers.html]
[themeforest.net/user/pookidevsx04/following.html]
[themeforest.net/user/aebmsas.html]
[themeforest.net/user/pookidevsx04.html]
[themeforest.net/user/creative_i_official/followers.html]
[themeforest.net/user/creative_i_official/following.html]
[themeforest.net/user/Creative_I_official/collections.html]
[themeforest.net/user/design_everywhere.html]
[themeforest.net/user/azshop_digit.html]
[themeforest.net/user/mahanandadas.html]
[themeforest.net/user/obzervegfx.html]
[themeforest.net/user/mdnazmulh8.html]
[themeforest.net/user/feezixora.html]
[themeforest.net/user/printycreation/followers.html]
[themeforest.net/user/printycreation.html]
[themeforest.net/user/gontsemthombeni123.html]
[themeforest.net/user/mohamedkila/followers.html]
[themeforest.net/user/mohamedkila/following.html]
[themeforest.net/user/duckmetr/followers.html]
[themeforest.net/user/duckmetr/following.html]
[themeforest.net/user/duckmetr/collections.html]
[themeforest.net/user/ai3m.html]
[themeforest.net/user/ayamba101.html]
[themeforest.net/user/giorgospapa86.html]
[themeforest.net/user/nikhuge.html]
[themeforest.net/user/positive-tunes/followers.html]
[themeforest.net/user/positive-tunes/following.html]
[themeforest.net/user/Positive-Tunes/collections.html]
[themeforest.net/user/ishalrb5.html]
[themeforest.net/user/printycreation/following.html]
[themeforest.net/user/sfzgames/followers.html]
[themeforest.net/user/sfzgames.html]
[themeforest.net/user/sfzgames/following.html]
[themeforest.net/user/easy_app_hub/followers.html]
[themeforest.net/user/easy_app_hub/following.html]
[themeforest.net/user/nextdreamnight.html]
[themeforest.net/user/michruss6.html]
[themeforest.net/user/hai07t.html]
[themeforest.net/user/easy_app_hub.html]
[themeforest.net/user/kivancbesili31.html]
[themeforest.net/user/rodron/followers.html]
[themeforest.net/user/rodron/following.html]
[themeforest.net/user/rodron/collections.html]
[themeforest.net/user/technotacklesw.html]
[themeforest.net/user/promusic_ua/followers.html]
[themeforest.net/user/promusic_ua/following.html]
[themeforest.net/user/promusic_ua.html]
[themeforest.net/user/themezeno.html]
[themeforest.net/user/PROMUSIC_UA/collections.html]
[themeforest.net/user/u-touchdesign/portfolio2b15.html]
[themeforest.net/user/u-touchdesign/portfolio.html]
[themeforest.net/user/u-touchdesign/followers.html]
[themeforest.net/user/u-touchdesign/following.html]
[themeforest.net/user/u-touchdesign/portfolio5db0.html]
[themeforest.net/user/sacralsound/followers.html]
[themeforest.net/user/sacralsound/following.html]
[themeforest.net/user/SacralSound/collections.html]
[themeforest.net/user/loflydrone.html]
[themeforest.net/user/shinrastudio.html]
[themeforest.net/user/sacralsound.html]
[themeforest.net/user/williamwmk.html]
[themeforest.net/user/tranceline.html]
[themeforest.net/user/musicareapro/followers.html]
[themeforest.net/user/musicareapro/following.html]
[themeforest.net/user/MusicAreaPro/collections.html]
[themeforest.net/user/aplechovmusic.html]
[themeforest.net/user/musicareapro.html]
[themeforest.net/user/m3m/followers.html]
[themeforest.net/user/m3m/following.html]
[themeforest.net/user/m3m/collections.html]
[themeforest.net/user/mirowhite.html]
[themeforest.net/user/loka_music/followers.html]
[themeforest.net/user/loka_music/following.html]
[themeforest.net/user/Loka_music/collections.html]
[themeforest.net/user/22ptw2jtbw.html]
[themeforest.net/user/nefritovec.html]
[themeforest.net/user/iperjers.html]
[themeforest.net/user/art101.html]
[themeforest.net/user/pro2345v.html]
[themeforest.net/user/difourks.html]
[themeforest.net/user/loka_music.html]
[themeforest.net/user/welcometowelcomefour.html]
[themeforest.net/user/101pene18.html]
[themeforest.net/user/petrstulirst.html]
[themeforest.net/user/victorysometh.html]
[themeforest.net/user/cr400af-0208_studio.html]
[themeforest.net/user/pinrecords/followers.html]
[themeforest.net/user/pinrecords/following.html]
[themeforest.net/user/pinrecords/collections.html]
[themeforest.net/user/pinrecords.html]
[themeforest.net/user/shybystudio.html]
[themeforest.net/user/karmusic/followers.html]
[themeforest.net/user/karmusic/following.html]
[themeforest.net/user/karmusic/collections.html]
[themeforest.net/user/lunasounddesign.html]
[themeforest.net/user/nowmusic.html]
[themeforest.net/user/manchpiano.html]
[themeforest.net/user/indygomusic.html]
[themeforest.net/user/karmusic.html]
[themeforest.net/user/horizonschool9751.html]
[themeforest.net/user/evowork/followers.html]
[themeforest.net/user/evowork/following.html]
[themeforest.net/user/jbobstudio/followers.html]
[themeforest.net/user/jbobstudio/following.html]
[themeforest.net/user/jbobstudio/collections.html]
[themeforest.net/user/r-mixing.html]
[themeforest.net/user/artyfact_sfx/followers.html]
[themeforest.net/user/artyfact_sfx/following.html]
[themeforest.net/user/Artyfact_SFX/collections.html]
[themeforest.net/user/golden-sound.html]
[themeforest.net/user/davewhosales.html]
[themeforest.net/user/duck-themes.html]
[themeforest.net/user/jarbet_net_brukarstwo_wykopy_wyburzenia.html]
[themeforest.net/user/artyfact_sfx.html]
[themeforest.net/user/kovalikav.html]
[themeforest.net/user/yachuanzhang.html]
[themeforest.net/user/nekoninja_core/followers.html]
[themeforest.net/user/nekoninja_core.html]
[themeforest.net/user/nekoninja_core/following.html]
[themeforest.net/user/cutepopanimesound/followers.html]
[themeforest.net/user/cutepopanimesound/following.html]
[themeforest.net/user/CutePopAnimeSound/collections.html]
[themeforest.net/user/951374148.html]
[themeforest.net/user/catsoundstudio.html]
[themeforest.net/user/cutepopanimesound.html]
[themeforest.net/user/flexx7000.html]
[themeforest.net/user/rusturch.html]
[themeforest.net/user/mvpsfxx.html]
[themeforest.net/user/reanimateaudio/followers.html]
[themeforest.net/user/reanimateaudio/following.html]
[themeforest.net/user/ReanimateAudio/collections.html]
[themeforest.net/user/birrajmusic.html]
[themeforest.net/user/markoduca.html]
[themeforest.net/user/sagittariusmusic.html]
[themeforest.net/user/gyroscope123.html]
[themeforest.net/user/tronaaudio.html]
[themeforest.net/user/want2b.html]
[themeforest.net/user/ansiaorchestra.html]
[themeforest.net/user/reanimateaudio.html]
[themeforest.net/user/dayswirl.html]
[themeforest.net/user/flashinmusic/followers.html]
[themeforest.net/user/flashinmusic/following.html]
[themeforest.net/user/flashinmusic.html]
[themeforest.net/user/vihlyancev_ev/followers.html]
[themeforest.net/user/vihlyancev_ev/following.html]
[themeforest.net/user/Flashinmusic/collections.html]
[themeforest.net/user/rapirasmaks/followers.html]
[themeforest.net/user/rapirasmaks/following.html]
[themeforest.net/user/RapirasMaks/collections.html]
[themeforest.net/user/rapirasivan.html]
[themeforest.net/user/markus511.html]
[themeforest.net/user/jennifertamai87.html]
[themeforest.net/user/ricardotab.html]
[themeforest.net/user/jannesinkko.html]
[themeforest.net/user/rapirasmaks.html]
[themeforest.net/user/sweet_strawberry.html]
[themeforest.net/user/aldowaves/followers.html]
[themeforest.net/user/aldowaves/following.html]
[themeforest.net/user/AldoWaves/collections.html]
[themeforest.net/user/jbssoft.html]
[themeforest.net/user/aldowaves.html]
[themeforest.net/user/gogiwowmail.html]
[themeforest.net/user/mourseysound.html]
[themeforest.net/user/biggroove/followers.html]
[themeforest.net/user/biggroove/following.html]
[themeforest.net/user/BigGroove/collections.html]
[themeforest.net/user/musicday.html]
[themeforest.net/user/spacemeat.html]
[themeforest.net/user/minimal_vesh.html]
[themeforest.net/user/biggroove.html]
[themeforest.net/user/soundeleon/followers.html]
[themeforest.net/user/soundeleon/following.html]
[themeforest.net/user/am27official.html]
[themeforest.net/user/anianesina.html]
[themeforest.net/user/canthrasributrrach.html]
[themeforest.net/user/stevenbrine000.html]
[themeforest.net/user/udivi/followers.html]
[themeforest.net/user/udivi/following.html]
[themeforest.net/user/UDIVI/collections.html]
[themeforest.net/user/lbedsfan.html]
[themeforest.net/user/codemusicx/followers.html]
[themeforest.net/user/codemusicx/following.html]
[themeforest.net/user/sergeynov/followers.html]
[themeforest.net/user/sergeynov/following.html]
[themeforest.net/user/Sergeynov/collections.html]
[themeforest.net/user/duncantenkate.html]
[themeforest.net/user/mildspoilers.html]
[themeforest.net/user/bgstudio117.html]
[themeforest.net/user/lilfam/followers.html]
[themeforest.net/user/lilfam/following.html]
[themeforest.net/user/Lilfam/collections.html]
[themeforest.net/user/ilyagordiemusic.html]
[themeforest.net/user/inspiringmusiclab/followers.html]
[themeforest.net/user/inspiringmusiclab/following.html]
[themeforest.net/user/InspiringMusicLab/collections.html]
[themeforest.net/user/inspiringmusiclab.html]
[themeforest.net/user/airpitchh.html]
[themeforest.net/user/headlane.html]
[themeforest.net/user/nativesounds/followers.html]
[themeforest.net/user/nativesounds/following.html]
[themeforest.net/user/NativeSounds/collections.html]
[themeforest.net/user/nativesounds.html]
[themeforest.net/user/pyurz.html]
[themeforest.net/user/the-epic-boy-music/followers.html]
[themeforest.net/user/the-epic-boy-music/following.html]
[themeforest.net/user/The-Epic-Boy-Music/collections.html]
[themeforest.net/user/taqiyeddine-mahdi.html]
[themeforest.net/user/foursaken_media.html]
[themeforest.net/user/danieruhn.html]
[themeforest.net/user/missvickylynne.html]
[themeforest.net/user/pizzaderpyt.html]
[themeforest.net/user/shineonart.html]
[themeforest.net/user/bensonchiang/followers.html]
[themeforest.net/user/bensonchiang/following.html]
[themeforest.net/user/bensonchiang/collections.html]
[themeforest.net/user/anzirmadam.html]
[themeforest.net/user/470306.html]
[themeforest.net/user/worshipaudio/followers.html]
[themeforest.net/user/worshipaudio/following.html]
[themeforest.net/user/WorshipAudio/collections.html]
[themeforest.net/user/skyline-cinematics.html]
[themeforest.net/user/glowcity.html]
[themeforest.net/user/yoursoundmysound.html]
[themeforest.net/user/erbaiinanren.html]
[themeforest.net/user/marveloussrvs.html]
[themeforest.net/user/worshipaudio.html]
[themeforest.net/user/phantomatic/followers.html]
[themeforest.net/user/phantomatic/following.html]
[themeforest.net/user/Phantomatic/collections.html]
[themeforest.net/user/brookspatrickallen.html]
[themeforest.net/user/japrod.html]
[themeforest.net/user/nacremfx/followers.html]
[themeforest.net/user/nacremfx/following.html]
[themeforest.net/user/NacremFx/collections.html]
[themeforest.net/user/afternoon_studio.html]
[themeforest.net/user/alivfxdrawing.html]
[themeforest.net/user/moghouti.html]
[themeforest.net/user/elitemotion.html]
[themeforest.net/user/phreaspirit.html]
[themeforest.net/user/transmaxx/followers.html]
[themeforest.net/user/transmaxx/following.html]
[themeforest.net/user/TranSMaxX/collections.html]
[themeforest.net/user/roxario.html]
[themeforest.net/user/akomolafepeace2.html]
[themeforest.net/user/nigmapro.html]
[themeforest.net/user/sandropalazzo88.html]
[themeforest.net/user/salehmichel1.html]
[themeforest.net/user/nicolas_t.html]
[themeforest.net/user/inspiremotion.html]
[themeforest.net/user/dorde.html]
[themeforest.net/user/transmaxx.html]
[themeforest.net/user/littlesprogrammers.html]
[themeforest.net/user/andrepianoart/followers.html]
[themeforest.net/user/andrepianoart/following.html]
[themeforest.net/user/Andrepianoart/collections.html]
[themeforest.net/user/xu2513.html]
[themeforest.net/user/mezzotenor.html]
[themeforest.net/user/olga_airumian_sound_therapist/followers.html]
[themeforest.net/user/olga_airumian_sound_therapist/following.html]
[themeforest.net/user/pnorman2025.html]
[themeforest.net/user/vahik/followers.html]
[themeforest.net/user/vahik/following.html]
[themeforest.net/user/Vahik/collections.html]
[themeforest.net/user/grussgott.html]
[themeforest.net/user/ahmedhussainmg.html]
